target_date,jam,target_datetime,lead_hours,lead_bucket,mission,location_personality,microclimate_profile,atmospheric_mode,predictability,dominant_category,dominant_category_probability,category_disagreement,sources_used,source_ids,coverage_fraction,temp_p05,temp_p10,temp_p25,temp_p50,temp_p75,temp_p90,temp_p95,temp_micro_p50,temp_micro_adjustment,rh_p10,rh_p50,rh_p90,rh_micro_p50,rh_micro_adjustment,rain_p05,rain_p10,rain_p25,rain_p50,rain_p75,rain_p90,rain_p95,prob_rain,prob_moderate_heavy_rain,prob_heavy_rain,wind_p50,wind_p90,gust_p90,heat_index_p50,heat_index_p90,cloud_p50,cape_p50,visibility_p10,analog_probability,analog_cases,direct_hit_risk,nearby_rain_risk,rain_displacement_risk,spatial_uncertainty,rain_threat_score,rain_threat_level,heavy_rain_threat_score,heavy_rain_threat_level,wind_threat_score,wind_threat_level,heat_discomfort_threat_score,heat_discomfort_threat_level,low_visibility_threat_score,low_visibility_threat_level,thunderstorm_proxy_threat_score,thunderstorm_proxy_threat_level,uncertainty_score,forecast_stress_index,forecast_failure_risk,self_doubt_score,main_failure_mode,scenario_dry_miss,scenario_nearby_rain_only,scenario_direct_light_rain,scenario_direct_moderate_rain,scenario_convective_burst,walking_score,motorbike_score,outdoor_event_score,fieldwork_score,laundry_score,sport_score,trust_level,operational_status,autopilot_route,confidence_score_base,source_health_mean,gap_mean_minutes,decision_recommendation,expert_council,counterfactual_summary,forecast_contract_summary,explanation,dew_point_c,apparent_temperature_c,pressure_msl_hpa,surface_pressure_hpa,wind_direction_deg,uv_index,grid_sampling_status,sentinel_public_version,official_warning_disclaimer,calibration_status,verification_cases,risk_score_basis,public_safety_note
2026-07-23,00:00,2026-07-23T00:00:00+07:00,0.0,lead_0_3h,safety_first,generic_hyperlocal,generic_local,HUMID_STABLE_MORNING,HIGH,Berawan,66.7,33.3,6,CMA+ECMWF+GFS+ICON+METEOFRANCE+UKMO,0.857,11.6,11.6,12.1,12.6,13.4,15.6,15.6,12.6,0.0,97.0,98.0,100.0,98.0,0.0,0.0,0.0,0.0,0.0,0.0,0.3,0.3,16.7,0.0,0.0,1.8,4.7,,12.6,15.6,75.0,,,,0,24.7,32.4,26.3,29.0,29.4,LOW,2.2,LOW,10.4,LOW,0.0,LOW,0.0,LOW,27.1,LOW,15.4,19.6,19.1,20.8,low_failure_risk_non_rain,76.1,7.3,10.7,4.2,1.7,7,6,6,6,2,6,HIGHLY_TRUSTED,GREEN,sentinel_probabilistic_risk_route,81.3,1.0,0.0,Risiko relatif terkendali; keputusan normal masih masuk akal dengan pemantauan berkala.,"Local Signal Analyst: sinyal hujan belum dominan, tetapi tetap membaca tail-risk dari P90/P95. | Uncertainty Auditor: agreement relatif masih dapat diterima untuk keputusan umum. | Decision Judge: mission=safety_first → Risiko relatif terkendali; keputusan normal masih masuk akal dengan pemantauan berkala.","Jika RH turun ±10%, rain support kemungkinan turun signifikan.",Boleh dipakai untuk rencana umum; tetap bukan peringatan resmi cuaca ekstrem.,Forecast memilih interpretasi ini karena mode atmosfer HUMID_STABLE_MORNING; 6 source aktif.,,12.6,,,,,unavailable,sentinel-x-public-operational-v2,"Bukan peringatan resmi. Untuk cuaca ekstrem, ikuti informasi BMKG dan kondisi setempat.",INSUFFICIENT_DATA_HEURISTIC_MODE,0,transparent_heuristic_until_more_observations,Decision support only; not an official warning.
2026-07-23,01:00,2026-07-23T01:00:00+07:00,0.0,lead_0_3h,safety_first,generic_hyperlocal,generic_local,HUMID_STABLE_MORNING,HIGH,Berawan,50.0,50.0,6,CMA+ECMWF+GFS+ICON+METEOFRANCE+UKMO,0.857,10.5,10.5,12.0,12.3,13.3,15.9,15.9,12.3,0.0,96.0,98.0,100.0,98.0,0.0,0.0,0.0,0.0,0.0,0.0,0.1,0.1,16.7,0.0,0.0,2.5,5.4,,12.3,15.9,75.0,,,,0,24.3,35.1,31.3,38.4,30.0,LOW,2.3,LOW,12.0,LOW,0.0,LOW,0.0,LOW,27.1,LOW,20.6,23.8,22.8,27.6,low_failure_risk_non_rain,74.8,8.8,10.2,4.0,2.2,7,6,5,6,2,6,TRUSTED,GREEN,sentinel_probabilistic_risk_route,77.3,1.0,0.0,Risiko relatif terkendali; keputusan normal masih masuk akal dengan pemantauan berkala.,"Local Signal Analyst: sinyal hujan belum dominan, tetapi tetap membaca tail-risk dari P90/P95. | Uncertainty Auditor: agreement relatif masih dapat diterima untuk keputusan umum. | Decision Judge: mission=safety_first → Risiko relatif terkendali; keputusan normal masih masuk akal dengan pemantauan berkala.","Jika RH turun ±10%, rain support kemungkinan turun signifikan. Jika kategori antar-source lebih sepakat, trust level akan naik.",Boleh dipakai untuk rencana umum; tetap bukan peringatan resmi cuaca ekstrem.,Forecast memilih interpretasi ini karena mode atmosfer HUMID_STABLE_MORNING; 6 source aktif.,,12.3,,,,,unavailable,sentinel-x-public-operational-v2,"Bukan peringatan resmi. Untuk cuaca ekstrem, ikuti informasi BMKG dan kondisi setempat.",INSUFFICIENT_DATA_HEURISTIC_MODE,0,transparent_heuristic_until_more_observations,Decision support only; not an official warning.
2026-07-23,02:00,2026-07-23T02:00:00+07:00,0.0,lead_0_3h,safety_first,generic_hyperlocal,generic_local,HUMID_STABLE_MORNING,HIGH,Berawan,33.3,66.7,6,CMA+ECMWF+GFS+ICON+METEOFRANCE+UKMO,0.857,10.3,10.3,11.8,12.1,13.0,15.7,15.7,12.1,0.0,96.0,98.0,100.0,98.0,0.0,0.0,0.0,0.0,0.0,0.0,0.1,0.1,16.7,0.0,0.0,2.9,5.8,,12.1,15.7,45.0,,,,0,24.1,38.2,36.7,48.1,31.0,LOW,2.8,LOW,12.9,LOW,0.0,LOW,0.0,LOW,24.1,LOW,26.0,28.5,26.9,34.6,category_disagreement_error,73.6,10.3,9.6,3.8,2.7,7,6,5,6,3,6,TRUSTED,GREEN,sentinel_probabilistic_risk_route,73.2,1.0,0.0,Risiko relatif terkendali; keputusan normal masih masuk akal dengan pemantauan berkala.,"Local Signal Analyst: sinyal hujan belum dominan, tetapi tetap membaca tail-risk dari P90/P95. | Uncertainty Auditor: agreement relatif masih dapat diterima untuk keputusan umum. | Decision Judge: mission=safety_first → Risiko relatif terkendali; keputusan normal masih masuk akal dengan pemantauan berkala.","Jika RH turun ±10%, rain support kemungkinan turun signifikan. Jika kategori antar-source lebih sepakat, trust level akan naik.",Boleh dipakai untuk rencana umum; tetap bukan peringatan resmi cuaca ekstrem.,Forecast memilih interpretasi ini karena mode atmosfer HUMID_STABLE_MORNING; 6 source aktif.,,12.1,,,,,unavailable,sentinel-x-public-operational-v2,"Bukan peringatan resmi. Untuk cuaca ekstrem, ikuti informasi BMKG dan kondisi setempat.",INSUFFICIENT_DATA_HEURISTIC_MODE,0,transparent_heuristic_until_more_observations,Decision support only; not an official warning.
2026-07-23,03:00,2026-07-23T03:00:00+07:00,0.0,lead_0_3h,safety_first,generic_hyperlocal,generic_local,HUMID_STABLE_MORNING,HIGH,Cerah,50.0,50.0,6,CMA+ECMWF+GFS+ICON+METEOFRANCE+UKMO,0.857,10.0,10.0,11.6,11.8,12.7,15.0,15.0,11.8,0.0,96.0,98.0,99.0,98.0,0.0,0.0,0.0,0.0,0.0,0.0,0.0,0.0,0.0,0.0,0.0,3.2,5.4,,11.8,15.0,15.0,,,,0,17.6,27.8,28.7,36.8,21.3,LOW,2.0,LOW,12.0,LOW,0.0,LOW,0.0,LOW,21.1,LOW,20.3,23.0,20.3,26.2,low_failure_risk_non_rain,87.4,5.0,4.0,1.4,2.2,7,6,7,7,6,7,TRUSTED,GREEN,sentinel_probabilistic_risk_route,77.4,1.0,0.0,Risiko relatif terkendali; keputusan normal masih masuk akal dengan pemantauan berkala.,"Local Signal Analyst: sinyal hujan belum dominan, tetapi tetap membaca tail-risk dari P90/P95. | Uncertainty Auditor: agreement relatif masih dapat diterima untuk keputusan umum. | Decision Judge: mission=safety_first → Risiko relatif terkendali; keputusan normal masih masuk akal dengan pemantauan berkala.","Jika RH turun ±10%, rain support kemungkinan turun signifikan. Jika kategori antar-source lebih sepakat, trust level akan naik.",Boleh dipakai untuk rencana umum; tetap bukan peringatan resmi cuaca ekstrem.,Forecast memilih interpretasi ini karena mode atmosfer HUMID_STABLE_MORNING; 6 source aktif.,,11.8,,,,,unavailable,sentinel-x-public-operational-v2,"Bukan peringatan resmi. Untuk cuaca ekstrem, ikuti informasi BMKG dan kondisi setempat.",INSUFFICIENT_DATA_HEURISTIC_MODE,0,transparent_heuristic_until_more_observations,Decision support only; not an official warning.
2026-07-23,04:00,2026-07-23T04:00:00+07:00,0.0,lead_0_3h,safety_first,generic_hyperlocal,generic_local,HUMID_STABLE_MORNING,HIGH,Cerah,50.0,50.0,6,CMA+ECMWF+GFS+ICON+METEOFRANCE+UKMO,0.857,9.4,9.4,11.5,11.7,12.3,14.4,14.4,11.7,0.0,96.0,97.0,98.0,97.0,0.0,0.0,0.0,0.0,0.0,0.0,0.0,0.0,0.0,0.0,0.0,3.2,4.8,,11.7,14.4,15.0,,,,0,17.4,27.7,28.7,36.8,21.1,LOW,2.0,LOW,10.7,LOW,0.0,LOW,0.0,LOW,20.9,LOW,20.3,23.0,20.3,26.2,low_failure_risk_non_rain,87.4,5.0,4.0,1.4,2.2,7,7,7,7,6,7,HIGHLY_TRUSTED,GREEN,sentinel_probabilistic_risk_route,77.7,1.0,0.0,Risiko relatif terkendali; keputusan normal masih masuk akal dengan pemantauan berkala.,"Local Signal Analyst: sinyal hujan belum dominan, tetapi tetap membaca tail-risk dari P90/P95. | Uncertainty Auditor: agreement relatif masih dapat diterima untuk keputusan umum. | Decision Judge: mission=safety_first → Risiko relatif terkendali; keputusan normal masih masuk akal dengan pemantauan berkala.","Jika RH turun ±10%, rain support kemungkinan turun signifikan. Jika kategori antar-source lebih sepakat, trust level akan naik.",Boleh dipakai untuk rencana umum; tetap bukan peringatan resmi cuaca ekstrem.,Forecast memilih interpretasi ini karena mode atmosfer HUMID_STABLE_MORNING; 6 source aktif.,,11.7,,,,,unavailable,sentinel-x-public-operational-v2,"Bukan peringatan resmi. Untuk cuaca ekstrem, ikuti informasi BMKG dan kondisi setempat.",INSUFFICIENT_DATA_HEURISTIC_MODE,0,transparent_heuristic_until_more_observations,Decision support only; not an official warning.
2026-07-23,05:00,2026-07-23T05:00:00+07:00,0.0,lead_0_3h,safety_first,generic_hyperlocal,generic_local,HUMID_STABLE_MORNING,HIGH,Berawan,33.3,66.7,6,CMA+ECMWF+GFS+ICON+METEOFRANCE+UKMO,0.857,8.9,8.9,11.5,11.6,12.5,13.9,13.9,11.6,0.0,96.0,97.0,98.0,97.0,0.0,0.0,0.0,0.0,0.0,0.0,0.4,0.4,16.7,0.0,0.0,3.5,4.7,,11.6,13.9,45.0,,,,0,24.3,38.7,37.2,48.4,31.4,LOW,3.5,LOW,10.4,LOW,0.0,LOW,0.0,LOW,23.9,LOW,26.5,29.1,27.3,34.9,category_disagreement_error,73.5,10.4,9.6,3.8,2.7,7,6,5,6,3,6,TRUSTED,GREEN,sentinel_probabilistic_risk_route,73.1,1.0,0.0,Risiko relatif terkendali; keputusan normal masih masuk akal dengan pemantauan berkala.,"Local Signal Analyst: sinyal hujan belum dominan, tetapi tetap membaca tail-risk dari P90/P95. | Uncertainty Auditor: agreement relatif masih dapat diterima untuk keputusan umum. | Decision Judge: mission=safety_first → Risiko relatif terkendali; keputusan normal masih masuk akal dengan pemantauan berkala.","Jika RH turun ±10%, rain support kemungkinan turun signifikan. Jika kategori antar-source lebih sepakat, trust level akan naik.",Boleh dipakai untuk rencana umum; tetap bukan peringatan resmi cuaca ekstrem.,Forecast memilih interpretasi ini karena mode atmosfer HUMID_STABLE_MORNING; 6 source aktif.,,11.6,,,,,unavailable,sentinel-x-public-operational-v2,"Bukan peringatan resmi. Untuk cuaca ekstrem, ikuti informasi BMKG dan kondisi setempat.",INSUFFICIENT_DATA_HEURISTIC_MODE,0,transparent_heuristic_until_more_observations,Decision support only; not an official warning.
2026-07-23,06:00,2026-07-23T06:00:00+07:00,0.0,lead_0_3h,safety_first,generic_hyperlocal,generic_local,HUMID_STABLE_MORNING,HIGH,Cerah Berawan,50.0,50.0,6,CMA+ECMWF+GFS+ICON+METEOFRANCE+UKMO,0.857,8.8,8.8,11.4,11.5,12.8,13.6,13.6,11.5,0.0,95.0,96.0,97.0,96.0,0.0,0.0,0.0,0.0,0.0,0.0,0.4,0.4,16.7,0.0,0.0,3.7,5.4,,11.5,13.6,45.0,,,,0,24.4,35.4,31.8,38.7,30.2,LOW,2.9,LOW,12.0,LOW,0.0,LOW,0.0,LOW,23.7,LOW,21.0,24.4,23.2,27.9,low_failure_risk_non_rain,74.8,9.0,10.0,4.0,2.2,7,6,5,6,3,6,TRUSTED,GREEN,sentinel_probabilistic_risk_route,77.0,1.0,0.0,Risiko relatif terkendali; keputusan normal masih masuk akal dengan pemantauan berkala.,"Local Signal Analyst: sinyal hujan belum dominan, tetapi tetap membaca tail-risk dari P90/P95. | Uncertainty Auditor: agreement relatif masih dapat diterima untuk keputusan umum. | Decision Judge: mission=safety_first → Risiko relatif terkendali; keputusan normal masih masuk akal dengan pemantauan berkala.","Jika RH turun ±10%, rain support kemungkinan turun signifikan. Jika kategori antar-source lebih sepakat, trust level akan naik.",Boleh dipakai untuk rencana umum; tetap bukan peringatan resmi cuaca ekstrem.,Forecast memilih interpretasi ini karena mode atmosfer HUMID_STABLE_MORNING; 6 source aktif.,,11.5,,,,,unavailable,sentinel-x-public-operational-v2,"Bukan peringatan resmi. Untuk cuaca ekstrem, ikuti informasi BMKG dan kondisi setempat.",INSUFFICIENT_DATA_HEURISTIC_MODE,0,transparent_heuristic_until_more_observations,Decision support only; not an official warning.
2026-07-23,07:00,2026-07-23T07:00:00+07:00,0.0,lead_0_3h,safety_first,generic_hyperlocal,generic_local,HUMID_STABLE_MORNING,HIGH,Cerah Berawan,50.0,50.0,6,CMA+ECMWF+GFS+ICON+METEOFRANCE+UKMO,0.857,11.1,11.1,11.5,11.7,13.3,13.6,13.6,11.7,0.0,91.0,95.0,99.0,95.0,0.0,0.0,0.0,0.0,0.0,0.0,0.4,0.4,16.7,0.0,0.0,3.6,6.0,,11.7,13.6,45.0,,,,0,24.2,35.3,31.8,38.7,30.0,LOW,2.9,LOW,13.3,LOW,0.0,LOW,0.0,LOW,23.5,LOW,21.0,24.4,23.2,27.9,low_failure_risk_non_rain,74.8,9.0,10.0,4.0,2.2,7,6,5,6,3,6,TRUSTED,GREEN,sentinel_probabilistic_risk_route,77.1,1.0,0.0,"Window relatif baik untuk aktivitas luar ruang, tetapi tetap cek update menjelang siang.","Local Signal Analyst: sinyal hujan belum dominan, tetapi tetap membaca tail-risk dari P90/P95. | Uncertainty Auditor: agreement relatif masih dapat diterima untuk keputusan umum. | Decision Judge: mission=safety_first → Window relatif baik untuk aktivitas luar ruang, tetapi tetap cek update menjelang siang.","Jika RH turun ±10%, rain support kemungkinan turun signifikan. Jika kategori antar-source lebih sepakat, trust level akan naik.",Boleh dipakai untuk rencana umum; tetap bukan peringatan resmi cuaca ekstrem.,Forecast memilih interpretasi ini karena mode atmosfer HUMID_STABLE_MORNING; 6 source aktif.,,11.7,,,,,unavailable,sentinel-x-public-operational-v2,"Bukan peringatan resmi. Untuk cuaca ekstrem, ikuti informasi BMKG dan kondisi setempat.",INSUFFICIENT_DATA_HEURISTIC_MODE,0,transparent_heuristic_until_more_observations,Decision support only; not an official warning.
2026-07-23,08:00,2026-07-23T08:00:00+07:00,0.0,lead_0_3h,safety_first,generic_hyperlocal,generic_local,HUMID_STABLE_MORNING,HIGH,Cerah,66.7,33.3,6,CMA+ECMWF+GFS+ICON+METEOFRANCE+UKMO,0.857,13.7,13.7,13.7,14.2,15.0,15.5,15.5,14.2,0.0,81.0,89.0,97.0,89.0,0.0,0.0,0.0,0.0,0.0,0.0,0.1,0.1,16.7,0.0,0.0,2.6,5.3,,14.2,15.5,15.0,,,,0,23.1,30.9,26.0,28.8,27.4,LOW,1.7,LOW,11.8,LOW,0.0,LOW,0.0,LOW,19.3,LOW,15.1,19.2,18.8,20.6,low_failure_risk_non_rain,76.2,7.2,10.7,4.2,1.7,7,6,6,7,5,7,HIGHLY_TRUSTED,GREEN,sentinel_probabilistic_risk_route,81.3,1.0,0.0,"Window relatif baik untuk aktivitas luar ruang, tetapi tetap cek update menjelang siang.","Local Signal Analyst: sinyal hujan belum dominan, tetapi tetap membaca tail-risk dari P90/P95. | Uncertainty Auditor: agreement relatif masih dapat diterima untuk keputusan umum. | Decision Judge: mission=safety_first → Window relatif baik untuk aktivitas luar ruang, tetapi tetap cek update menjelang siang.","Jika RH turun ±10%, rain support kemungkinan turun signifikan.",Boleh dipakai untuk rencana umum; tetap bukan peringatan resmi cuaca ekstrem.,Forecast memilih interpretasi ini karena mode atmosfer HUMID_STABLE_MORNING; 6 source aktif.,,14.2,,,,,unavailable,sentinel-x-public-operational-v2,"Bukan peringatan resmi. Untuk cuaca ekstrem, ikuti informasi BMKG dan kondisi setempat.",INSUFFICIENT_DATA_HEURISTIC_MODE,0,transparent_heuristic_until_more_observations,Decision support only; not an official warning.
2026-07-23,09:00,2026-07-23T09:00:00+07:00,0.0,lead_0_3h,safety_first,generic_hyperlocal,generic_local,STABLE_LOW_RAIN,HIGH,Cerah,66.7,33.3,6,CMA+ECMWF+GFS+ICON+METEOFRANCE+UKMO,0.857,15.7,15.7,15.9,16.3,17.8,18.2,18.2,16.3,0.0,68.0,80.0,87.0,80.0,0.0,0.0,0.0,0.0,0.0,0.0,0.1,0.1,16.7,0.0,0.0,1.1,4.7,,16.3,18.2,15.0,,,,0,21.7,29.8,26.0,28.8,25.8,LOW,1.7,LOW,10.4,LOW,0.0,LOW,0.0,LOW,17.5,LOW,15.1,19.2,18.8,20.6,low_failure_risk_non_rain,76.2,7.2,10.7,4.2,1.7,7,6,6,7,5,7,HIGHLY_TRUSTED,GREEN,sentinel_probabilistic_risk_route,81.1,1.0,0.0,"Window relatif baik untuk aktivitas luar ruang, tetapi tetap cek update menjelang siang.","Local Signal Analyst: sinyal hujan belum dominan, tetapi tetap membaca tail-risk dari P90/P95. | Uncertainty Auditor: agreement relatif masih dapat diterima untuk keputusan umum. | Decision Judge: mission=safety_first → Window relatif baik untuk aktivitas luar ruang, tetapi tetap cek update menjelang siang.",Faktor pengubah utama belum dominan; forecast relatif dikendalikan oleh consensus source.,Boleh dipakai untuk rencana umum; tetap bukan peringatan resmi cuaca ekstrem.,Forecast memilih interpretasi ini karena mode atmosfer STABLE_LOW_RAIN; 6 source aktif.,,16.3,,,,,unavailable,sentinel-x-public-operational-v2,"Bukan peringatan resmi. Untuk cuaca ekstrem, ikuti informasi BMKG dan kondisi setempat.",INSUFFICIENT_DATA_HEURISTIC_MODE,0,transparent_heuristic_until_more_observations,Decision support only; not an official warning.
2026-07-23,10:00,2026-07-23T10:00:00+07:00,0.0,lead_0_3h,safety_first,generic_hyperlocal,generic_local,STABLE_LOW_RAIN,HIGH,Cerah Berawan,50.0,50.0,6,CMA+ECMWF+GFS+ICON+METEOFRANCE+UKMO,0.857,17.2,17.2,17.3,18.2,19.2,19.8,19.8,18.2,0.0,61.0,67.0,78.0,67.0,0.0,0.0,0.0,0.0,0.0,0.0,0.1,0.1,16.7,0.0,0.0,2.3,6.4,,18.2,19.8,45.0,,,,0,19.8,31.2,31.3,38.4,24.4,LOW,2.3,LOW,14.2,LOW,0.0,LOW,0.0,LOW,17.9,LOW,20.6,23.8,22.8,27.6,low_failure_risk_non_rain,74.8,8.8,10.2,4.0,2.2,7,6,6,7,4,7,TRUSTED,GREEN,sentinel_probabilistic_risk_route,76.9,1.0,0.0,"Window relatif baik untuk aktivitas luar ruang, tetapi tetap cek update menjelang siang.","Local Signal Analyst: sinyal hujan belum dominan, tetapi tetap membaca tail-risk dari P90/P95. | Uncertainty Auditor: agreement relatif masih dapat diterima untuk keputusan umum. | Decision Judge: mission=safety_first → Window relatif baik untuk aktivitas luar ruang, tetapi tetap cek update menjelang siang.","Jika kategori antar-source lebih sepakat, trust level akan naik.",Boleh dipakai untuk rencana umum; tetap bukan peringatan resmi cuaca ekstrem.,Forecast memilih interpretasi ini karena mode atmosfer STABLE_LOW_RAIN; 6 source aktif.,,18.2,,,,,unavailable,sentinel-x-public-operational-v2,"Bukan peringatan resmi. Untuk cuaca ekstrem, ikuti informasi BMKG dan kondisi setempat.",INSUFFICIENT_DATA_HEURISTIC_MODE,0,transparent_heuristic_until_more_observations,Decision support only; not an official warning.
2026-07-23,11:00,2026-07-23T11:00:00+07:00,0.0,lead_0_3h,safety_first,generic_hyperlocal,generic_local,RAIN_TRANSITION,HIGH,Hujan Ringan,50.0,50.0,6,CMA+ECMWF+GFS+ICON+METEOFRANCE+UKMO,0.857,17.3,17.3,18.2,19.0,20.3,21.1,21.1,19.0,0.0,59.0,67.0,78.0,67.0,0.0,0.0,0.0,0.0,0.0,0.8,1.0,1.0,50.0,0.0,0.0,3.3,7.2,,19.0,21.1,75.0,,,,0,33.2,47.2,37.8,42.4,43.1,MEDIUM,4.3,LOW,16.0,LOW,0.0,LOW,0.0,LOW,20.9,LOW,22.2,27.0,29.0,31.2,general_uncertainty,45.1,16.6,25.9,10.4,2.0,6,4,4,5,0,5,TRUSTED,GREEN,sentinel_probabilistic_risk_route,76.8,1.0,0.0,"Window relatif baik untuk aktivitas luar ruang, tetapi tetap cek update menjelang siang.","Local Signal Analyst: sinyal hujan belum dominan, tetapi tetap membaca tail-risk dari P90/P95. | Uncertainty Auditor: agreement relatif masih dapat diterima untuk keputusan umum. | Decision Judge: mission=safety_first → Window relatif baik untuk aktivitas luar ruang, tetapi tetap cek update menjelang siang.","Jika kategori antar-source lebih sepakat, trust level akan naik.",Boleh dipakai untuk rencana umum; tetap bukan peringatan resmi cuaca ekstrem.,Forecast memilih interpretasi ini karena mode atmosfer RAIN_TRANSITION; 6 source aktif.,,19.0,,,,,unavailable,sentinel-x-public-operational-v2,"Bukan peringatan resmi. Untuk cuaca ekstrem, ikuti informasi BMKG dan kondisi setempat.",INSUFFICIENT_DATA_HEURISTIC_MODE,0,transparent_heuristic_until_more_observations,Decision support only; not an official warning.
2026-07-23,12:00,2026-07-23T12:00:00+07:00,0.0,lead_0_3h,safety_first,generic_hyperlocal,generic_local,RAIN_TRANSITION,HIGH,Hujan Ringan,83.3,16.7,6,CMA+ECMWF+GFS+ICON+METEOFRANCE+UKMO,0.857,16.5,16.5,17.3,17.9,20.3,21.5,21.5,17.9,0.0,57.0,75.0,90.0,75.0,0.0,0.0,0.0,0.1,0.4,0.8,1.0,1.0,83.3,0.0,0.0,4.5,7.5,,17.9,21.5,88.0,,,,0,48.0,56.2,32.2,26.3,59.6,MEDIUM,3.3,LOW,16.7,LOW,0.0,LOW,0.0,LOW,23.8,LOW,11.6,19.1,25.8,19.7,general_uncertainty,20.7,19.0,42.4,16.9,1.0,4,3,2,3,0,4,HIGHLY_TRUSTED,YELLOW,sentinel_probabilistic_risk_route,84.2,1.0,0.0,"Bawa payung/jas hujan dan gunakan interpretasi konservatif, terutama jika keluar setelah siang.","Local Signal Analyst: sinyal hujan cukup kuat untuk mengaktifkan rain-risk window. | Uncertainty Auditor: agreement relatif masih dapat diterima untuk keputusan umum. | Decision Judge: mission=safety_first → Bawa payung/jas hujan dan gunakan interpretasi konservatif, terutama jika keluar setelah siang.",Faktor pengubah utama belum dominan; forecast relatif dikendalikan oleh consensus source.,Boleh dipakai untuk keputusan umum dengan plan B dan update berkala.,Forecast memilih interpretasi ini karena mode atmosfer RAIN_TRANSITION; 6 source aktif; probabilitas hujan 83.3%.,,17.9,,,,,unavailable,sentinel-x-public-operational-v2,"Bukan peringatan resmi. Untuk cuaca ekstrem, ikuti informasi BMKG dan kondisi setempat.",INSUFFICIENT_DATA_HEURISTIC_MODE,0,transparent_heuristic_until_more_observations,Decision support only; not an official warning.
2026-07-23,13:00,2026-07-23T13:00:00+07:00,0.0,lead_0_3h,safety_first,generic_hyperlocal,generic_local,HUMID_CONVECTIVE_AFTERNOON,HIGH,Hujan Ringan,59.8,40.2,7,BMKG+CMA+ECMWF+GFS+ICON+METEOFRANCE+UKMO,1.0,16.0,16.0,16.2,19.6,20.6,21.0,21.0,19.6,0.0,54.0,85.0,99.0,85.0,0.0,0.0,0.0,0.7,0.8,1.2,4.8,4.8,74.8,15.0,15.0,5.9,8.0,,19.6,21.0,88.0,,,,0,48.0,66.2,44.7,43.0,65.8,HIGH,19.2,LOW,17.8,LOW,0.0,LOW,0.0,LOW,32.1,LOW,27.6,33.2,34.9,33.8,general_uncertainty,26.8,22.5,28.3,14.5,7.9,4,2,1,2,0,3,HIGHLY_TRUSTED,YELLOW,conservative_convective_risk_route,85.3,1.0,25.7,"Bawa payung/jas hujan dan gunakan interpretasi konservatif, terutama jika keluar setelah siang.","Local Signal Analyst: sinyal hujan cukup kuat untuk mengaktifkan rain-risk window. | Uncertainty Auditor: agreement relatif masih dapat diterima untuk keputusan umum. | Tropical Rain Specialist: gunakan mode konservatif karena hujan konvektif lokal rawan salah timing/posisi. | Decision Judge: mission=safety_first → Bawa payung/jas hujan dan gunakan interpretasi konservatif, terutama jika keluar setelah siang.","Jika RH turun ±10%, rain support kemungkinan turun signifikan.",Boleh dipakai untuk keputusan umum dengan plan B dan update berkala.,Forecast memilih interpretasi ini karena mode atmosfer HUMID_CONVECTIVE_AFTERNOON; 7 source aktif; probabilitas hujan 74.8%.,,19.6,,,,,unavailable,sentinel-x-public-operational-v2,"Bukan peringatan resmi. Untuk cuaca ekstrem, ikuti informasi BMKG dan kondisi setempat.",INSUFFICIENT_DATA_HEURISTIC_MODE,0,transparent_heuristic_until_more_observations,Decision support only; not an official warning.
2026-07-23,14:00,2026-07-23T14:00:00+07:00,0.0,lead_0_3h,safety_first,generic_hyperlocal,generic_local,HUMID_CONVECTIVE_AFTERNOON,LOW,Hujan Ringan,44.9,55.1,7,BMKG+CMA+ECMWF+GFS+ICON+METEOFRANCE+UKMO,1.0,15.9,15.9,16.2,19.5,20.7,21.0,21.0,19.5,0.0,55.0,84.0,99.0,84.0,0.0,0.0,0.0,0.6,0.8,3.2,22.4,22.4,74.8,29.9,15.0,6.3,7.4,,19.5,21.0,88.0,,,,0,48.2,86.4,66.5,62.2,80.7,VERY_HIGH,49.0,MEDIUM,16.4,LOW,0.0,LOW,0.0,LOW,31.9,LOW,47.5,58.4,53.1,51.8,rain_cell_displacement,19.5,19.9,16.3,24.9,19.4,3,1,0,0,0,2,TRUSTED,RED,conservative_convective_risk_route,81.0,1.0,17.1,"Bawa payung/jas hujan dan gunakan interpretasi konservatif, terutama jika keluar setelah siang.","Local Signal Analyst: sinyal hujan cukup kuat untuk mengaktifkan rain-risk window. | Uncertainty Auditor: agreement relatif masih dapat diterima untuk keputusan umum. | Rain Displacement Analyst: hujan sekitar lokasi lebih mungkin daripada direct-hit yang presisi. | Risk Officer: worst-case hujan sedang/lebat perlu tetap ditampilkan walaupun skenario utama lebih ringan. | Tropical Rain Specialist: gunakan mode konservatif karena hujan konvektif lokal rawan salah timing/posisi. | Decision Judge: mission=safety_first → Bawa payung/jas hujan dan gunakan interpretasi konservatif, terutama jika keluar setelah siang.","Jika RH turun ±10%, rain support kemungkinan turun signifikan. Jika kategori antar-source lebih sepakat, trust level akan naik. Jika rain P90 turun di bawah 5 mm, worst-case scenario akan melemah.","Gunakan sebagai warning/risk signal, bukan timing presisi.",Forecast memilih interpretasi ini karena mode atmosfer HUMID_CONVECTIVE_AFTERNOON; 7 source aktif; probabilitas hujan 74.8%; rain P90 22.4 mm; risiko displacement hujan tinggi.,,19.5,,,,,unavailable,sentinel-x-public-operational-v2,"Bukan peringatan resmi. Untuk cuaca ekstrem, ikuti informasi BMKG dan kondisi setempat.",INSUFFICIENT_DATA_HEURISTIC_MODE,0,transparent_heuristic_until_more_observations,Decision support only; not an official warning.
2026-07-23,15:00,2026-07-23T15:00:00+07:00,0.0,lead_0_3h,safety_first,generic_hyperlocal,generic_local,HUMID_CONVECTIVE_AFTERNOON,MEDIUM,Hujan Ringan,57.7,42.3,7,BMKG+CMA+ECMWF+GFS+ICON+METEOFRANCE+UKMO,1.0,15.6,15.6,16.3,17.9,20.2,21.0,21.0,17.9,0.0,64.0,81.0,98.0,81.0,0.0,0.0,0.0,0.8,0.9,2.4,22.2,22.2,72.1,14.4,14.4,6.3,8.7,,17.9,21.0,88.0,,,,0,48.8,82.6,62.0,54.5,78.1,HIGH,48.3,MEDIUM,19.3,LOW,0.0,LOW,0.0,LOW,31.1,LOW,42.4,54.5,49.3,45.8,rain_cell_displacement,20.0,18.3,16.2,25.6,19.9,3,1,0,0,0,2,HIGHLY_TRUSTED,YELLOW,conservative_convective_risk_route,85.6,1.0,8.6,"Bawa payung/jas hujan dan gunakan interpretasi konservatif, terutama jika keluar setelah siang.","Local Signal Analyst: sinyal hujan cukup kuat untuk mengaktifkan rain-risk window. | Uncertainty Auditor: agreement relatif masih dapat diterima untuk keputusan umum. | Rain Displacement Analyst: hujan sekitar lokasi lebih mungkin daripada direct-hit yang presisi. | Risk Officer: worst-case hujan sedang/lebat perlu tetap ditampilkan walaupun skenario utama lebih ringan. | Tropical Rain Specialist: gunakan mode konservatif karena hujan konvektif lokal rawan salah timing/posisi. | Decision Judge: mission=safety_first → Bawa payung/jas hujan dan gunakan interpretasi konservatif, terutama jika keluar setelah siang.","Jika rain P90 turun di bawah 5 mm, worst-case scenario akan melemah. Jika grid/nearby signal mendukung direct-hit, dry-miss probability akan turun.",Boleh dipakai untuk keputusan umum dengan plan B dan update berkala.,Forecast memilih interpretasi ini karena mode atmosfer HUMID_CONVECTIVE_AFTERNOON; 7 source aktif; probabilitas hujan 72.1%; rain P90 22.2 mm; risiko displacement hujan tinggi.,,17.9,,,,,unavailable,sentinel-x-public-operational-v2,"Bukan peringatan resmi. Untuk cuaca ekstrem, ikuti informasi BMKG dan kondisi setempat.",INSUFFICIENT_DATA_HEURISTIC_MODE,0,transparent_heuristic_until_more_observations,Decision support only; not an official warning.
2026-07-23,16:00,2026-07-23T16:00:00+07:00,0.95,lead_0_3h,safety_first,generic_hyperlocal,generic_local,HUMID_CONVECTIVE_AFTERNOON,MEDIUM,Hujan Ringan,55.2,44.8,7,BMKG+CMA+ECMWF+GFS+ICON+METEOFRANCE+UKMO,1.0,14.9,14.9,16.0,16.9,19.0,21.0,21.0,16.9,0.0,79.0,88.0,99.0,88.0,0.0,0.6,0.6,0.8,1.1,4.3,5.6,5.6,82.8,27.6,0.0,5.0,10.1,,16.9,21.0,88.0,,,,0,52.1,70.9,45.5,45.2,72.0,HIGH,14.2,LOW,22.4,LOW,0.0,LOW,0.0,LOW,26.4,LOW,24.0,29.7,33.8,33.1,general_uncertainty,22.0,23.7,35.4,17.1,1.8,3,1,0,1,0,2,HIGHLY_TRUSTED,YELLOW,conservative_convective_risk_route,85.5,1.0,0.0,"Bawa payung/jas hujan dan gunakan interpretasi konservatif, terutama jika keluar setelah siang.","Local Signal Analyst: sinyal hujan cukup kuat untuk mengaktifkan rain-risk window. | Uncertainty Auditor: agreement relatif masih dapat diterima untuk keputusan umum. | Tropical Rain Specialist: gunakan mode konservatif karena hujan konvektif lokal rawan salah timing/posisi. | Decision Judge: mission=safety_first → Bawa payung/jas hujan dan gunakan interpretasi konservatif, terutama jika keluar setelah siang.","Jika RH turun ±10%, rain support kemungkinan turun signifikan.",Boleh dipakai untuk keputusan umum dengan plan B dan update berkala.,Forecast memilih interpretasi ini karena mode atmosfer HUMID_CONVECTIVE_AFTERNOON; 7 source aktif; probabilitas hujan 82.8%.,,16.9,,,,,unavailable,sentinel-x-public-operational-v2,"Bukan peringatan resmi. Untuk cuaca ekstrem, ikuti informasi BMKG dan kondisi setempat.",INSUFFICIENT_DATA_HEURISTIC_MODE,0,transparent_heuristic_until_more_observations,Decision support only; not an official warning.
2026-07-23,17:00,2026-07-23T17:00:00+07:00,1.95,lead_0_3h,safety_first,generic_hyperlocal,generic_local,HUMID_CONVECTIVE_AFTERNOON,HIGH,Hujan Ringan,72.1,27.9,7,BMKG+CMA+ECMWF+GFS+ICON+METEOFRANCE+UKMO,1.0,15.5,15.5,15.8,16.1,18.7,21.0,21.0,16.1,0.0,79.0,92.0,97.0,92.0,0.0,0.1,0.1,0.6,0.7,1.3,3.6,3.6,86.5,14.4,0.0,4.7,7.2,,16.1,21.0,88.0,,,,0,53.7,66.0,38.1,34.2,69.8,HIGH,9.3,LOW,16.0,LOW,0.0,LOW,0.0,LOW,27.2,LOW,17.0,22.2,28.3,24.8,general_uncertainty,19.5,22.1,40.7,16.3,1.4,4,2,1,2,0,3,HIGHLY_TRUSTED,YELLOW,conservative_convective_risk_route,90.3,1.0,8.6,"Bawa payung/jas hujan dan gunakan interpretasi konservatif, terutama jika keluar setelah siang.","Local Signal Analyst: sinyal hujan cukup kuat untuk mengaktifkan rain-risk window. | Uncertainty Auditor: agreement relatif masih dapat diterima untuk keputusan umum. | Tropical Rain Specialist: gunakan mode konservatif karena hujan konvektif lokal rawan salah timing/posisi. | Decision Judge: mission=safety_first → Bawa payung/jas hujan dan gunakan interpretasi konservatif, terutama jika keluar setelah siang.","Jika RH turun ±10%, rain support kemungkinan turun signifikan.",Boleh dipakai untuk keputusan umum dengan plan B dan update berkala.,Forecast memilih interpretasi ini karena mode atmosfer HUMID_CONVECTIVE_AFTERNOON; 7 source aktif; probabilitas hujan 86.5%.,,16.1,,,,,unavailable,sentinel-x-public-operational-v2,"Bukan peringatan resmi. Untuk cuaca ekstrem, ikuti informasi BMKG dan kondisi setempat.",INSUFFICIENT_DATA_HEURISTIC_MODE,0,transparent_heuristic_until_more_observations,Decision support only; not an official warning.
2026-07-23,18:00,2026-07-23T18:00:00+07:00,2.95,lead_0_3h,safety_first,generic_hyperlocal,generic_local,HUMID_CONVECTIVE_AFTERNOON,HIGH,Hujan Ringan,72.1,27.9,7,BMKG+CMA+ECMWF+GFS+ICON+METEOFRANCE+UKMO,1.0,14.8,14.8,15.0,15.6,17.8,18.0,18.0,15.6,0.0,86.0,96.0,99.0,96.0,0.0,0.1,0.1,0.6,0.9,1.2,4.4,4.4,86.5,14.4,0.0,3.5,5.5,,15.6,18.0,88.0,,,,0,54.8,68.2,39.5,35.1,72.1,HIGH,11.1,LOW,12.2,LOW,0.0,LOW,0.0,LOW,28.0,LOW,18.3,23.9,29.5,25.8,general_uncertainty,19.5,22.5,39.8,16.7,1.5,3,2,0,2,0,2,HIGHLY_TRUSTED,YELLOW,conservative_convective_risk_route,90.4,1.0,8.6,"Bawa payung/jas hujan dan gunakan interpretasi konservatif, terutama jika keluar setelah siang.","Local Signal Analyst: sinyal hujan cukup kuat untuk mengaktifkan rain-risk window. | Uncertainty Auditor: agreement relatif masih dapat diterima untuk keputusan umum. | Tropical Rain Specialist: gunakan mode konservatif karena hujan konvektif lokal rawan salah timing/posisi. | Decision Judge: mission=safety_first → Bawa payung/jas hujan dan gunakan interpretasi konservatif, terutama jika keluar setelah siang.","Jika RH turun ±10%, rain support kemungkinan turun signifikan.",Boleh dipakai untuk keputusan umum dengan plan B dan update berkala.,Forecast memilih interpretasi ini karena mode atmosfer HUMID_CONVECTIVE_AFTERNOON; 7 source aktif; probabilitas hujan 86.5%.,,15.6,,,,,unavailable,sentinel-x-public-operational-v2,"Bukan peringatan resmi. Untuk cuaca ekstrem, ikuti informasi BMKG dan kondisi setempat.",INSUFFICIENT_DATA_HEURISTIC_MODE,0,transparent_heuristic_until_more_observations,Decision support only; not an official warning.
2026-07-23,19:00,2026-07-23T19:00:00+07:00,3.95,lead_3_6h,safety_first,generic_hyperlocal,generic_local,HUMID_CONVECTIVE_AFTERNOON,MEDIUM,Hujan Ringan,41.4,58.6,7,BMKG+CMA+ECMWF+GFS+ICON+METEOFRANCE+UKMO,1.0,13.5,13.5,14.1,15.0,17.3,18.0,18.0,15.0,0.0,87.0,99.0,100.0,99.0,0.0,0.0,0.0,0.1,0.8,3.8,6.1,6.1,69.0,27.6,0.0,2.6,5.5,,15.0,18.0,88.0,,,,0,48.1,70.5,49.7,53.1,68.8,HIGH,15.9,LOW,12.2,LOW,0.0,LOW,0.0,LOW,28.6,LOW,30.2,35.3,36.7,39.1,general_uncertainty,30.4,22.7,29.1,15.5,2.3,4,2,0,2,0,3,HIGHLY_TRUSTED,YELLOW,conservative_convective_risk_route,83.1,1.0,0.0,"Bawa payung/jas hujan dan gunakan interpretasi konservatif, terutama jika keluar setelah siang.","Local Signal Analyst: sinyal hujan cukup kuat untuk mengaktifkan rain-risk window. | Uncertainty Auditor: agreement relatif masih dapat diterima untuk keputusan umum. | Tropical Rain Specialist: gunakan mode konservatif karena hujan konvektif lokal rawan salah timing/posisi. | Decision Judge: mission=safety_first → Bawa payung/jas hujan dan gunakan interpretasi konservatif, terutama jika keluar setelah siang.","Jika RH turun ±10%, rain support kemungkinan turun signifikan. Jika kategori antar-source lebih sepakat, trust level akan naik.",Boleh dipakai untuk keputusan umum dengan plan B dan update berkala.,Forecast memilih interpretasi ini karena mode atmosfer HUMID_CONVECTIVE_AFTERNOON; 7 source aktif; probabilitas hujan 69.0%.,,15.0,,,,,unavailable,sentinel-x-public-operational-v2,"Bukan peringatan resmi. Untuk cuaca ekstrem, ikuti informasi BMKG dan kondisi setempat.",INSUFFICIENT_DATA_HEURISTIC_MODE,0,transparent_heuristic_until_more_observations,Decision support only; not an official warning.
2026-07-23,20:00,2026-07-23T20:00:00+07:00,4.95,lead_3_6h,safety_first,generic_hyperlocal,generic_local,EVENING_RAIN_RESIDUAL,LOW,Hujan Ringan,28.8,71.2,7,BMKG+CMA+ECMWF+GFS+ICON+METEOFRANCE+UKMO,1.0,13.5,13.5,13.6,14.8,17.0,18.0,18.0,14.8,0.0,90.0,97.0,100.0,97.0,0.0,0.0,0.0,0.0,0.1,2.8,23.7,23.7,57.7,28.8,14.4,3.3,5.5,,14.8,18.0,88.0,,,,0,44.7,82.8,67.0,68.6,75.2,HIGH,49.0,MEDIUM,12.2,LOW,0.0,LOW,0.0,LOW,34.3,LOW,49.0,57.4,51.5,54.7,category_disagreement_error,25.3,16.9,12.8,25.3,19.7,3,2,0,0,0,2,TRUSTED,YELLOW,sentinel_probabilistic_risk_route,79.6,1.0,8.6,"Bawa payung/jas hujan dan gunakan interpretasi konservatif, terutama jika keluar setelah siang.","Local Signal Analyst: sinyal hujan cukup kuat untuk mengaktifkan rain-risk window. | Uncertainty Auditor: agreement relatif masih dapat diterima untuk keputusan umum. | Rain Displacement Analyst: hujan sekitar lokasi lebih mungkin daripada direct-hit yang presisi. | Risk Officer: worst-case hujan sedang/lebat perlu tetap ditampilkan walaupun skenario utama lebih ringan. | Decision Judge: mission=safety_first → Bawa payung/jas hujan dan gunakan interpretasi konservatif, terutama jika keluar setelah siang.","Jika RH turun ±10%, rain support kemungkinan turun signifikan. Jika kategori antar-source lebih sepakat, trust level akan naik. Jika rain P90 turun di bawah 5 mm, worst-case scenario akan melemah.",Boleh dipakai untuk keputusan umum dengan plan B dan update berkala.,Forecast memilih interpretasi ini karena mode atmosfer EVENING_RAIN_RESIDUAL; 7 source aktif; probabilitas hujan 57.7%; rain P90 23.7 mm; risiko displacement hujan tinggi.,,14.8,,,,,unavailable,sentinel-x-public-operational-v2,"Bukan peringatan resmi. Untuk cuaca ekstrem, ikuti informasi BMKG dan kondisi setempat.",INSUFFICIENT_DATA_HEURISTIC_MODE,0,transparent_heuristic_until_more_observations,Decision support only; not an official warning.
2026-07-23,21:00,2026-07-23T21:00:00+07:00,5.95,lead_3_6h,safety_first,generic_hyperlocal,generic_local,EVENING_RAIN_RESIDUAL,MEDIUM,Hujan Ringan,43.2,56.8,7,BMKG+CMA+ECMWF+GFS+ICON+METEOFRANCE+UKMO,1.0,13.2,13.2,13.4,14.3,16.0,16.9,16.9,14.3,0.0,92.0,97.0,100.0,97.0,0.0,0.0,0.0,0.0,0.1,1.7,21.4,21.4,57.7,14.4,14.4,2.2,3.9,,14.3,16.9,88.0,,,,0,46.2,80.1,62.5,60.3,74.3,HIGH,48.5,MEDIUM,8.7,LOW,0.0,LOW,0.0,LOW,34.3,LOW,44.4,53.6,48.1,48.7,general_uncertainty,24.9,16.0,13.1,25.9,20.1,3,2,0,1,0,2,TRUSTED,YELLOW,sentinel_probabilistic_risk_route,83.5,1.0,8.6,"Bawa payung/jas hujan dan gunakan interpretasi konservatif, terutama jika keluar setelah siang.","Local Signal Analyst: sinyal hujan cukup kuat untuk mengaktifkan rain-risk window. | Uncertainty Auditor: agreement relatif masih dapat diterima untuk keputusan umum. | Rain Displacement Analyst: hujan sekitar lokasi lebih mungkin daripada direct-hit yang presisi. | Risk Officer: worst-case hujan sedang/lebat perlu tetap ditampilkan walaupun skenario utama lebih ringan. | Decision Judge: mission=safety_first → Bawa payung/jas hujan dan gunakan interpretasi konservatif, terutama jika keluar setelah siang.","Jika RH turun ±10%, rain support kemungkinan turun signifikan. Jika kategori antar-source lebih sepakat, trust level akan naik. Jika rain P90 turun di bawah 5 mm, worst-case scenario akan melemah.",Boleh dipakai untuk keputusan umum dengan plan B dan update berkala.,Forecast memilih interpretasi ini karena mode atmosfer EVENING_RAIN_RESIDUAL; 7 source aktif; probabilitas hujan 57.7%; rain P90 21.4 mm; risiko displacement hujan tinggi.,,14.3,,,,,unavailable,sentinel-x-public-operational-v2,"Bukan peringatan resmi. Untuk cuaca ekstrem, ikuti informasi BMKG dan kondisi setempat.",INSUFFICIENT_DATA_HEURISTIC_MODE,0,transparent_heuristic_until_more_observations,Decision support only; not an official warning.
2026-07-23,22:00,2026-07-23T22:00:00+07:00,6.95,lead_6_12h,safety_first,generic_hyperlocal,generic_local,EVENING_RAIN_RESIDUAL,MEDIUM,Hujan Ringan,41.4,58.6,7,BMKG+CMA+ECMWF+GFS+ICON+METEOFRANCE+UKMO,1.0,12.9,12.9,13.1,14.2,16.0,16.7,16.7,14.2,0.0,93.0,97.0,100.0,97.0,0.0,0.0,0.0,0.0,0.1,1.0,7.8,7.8,55.2,13.8,13.8,2.2,4.9,,14.2,16.7,88.0,,,,0,44.8,68.2,50.8,53.8,64.7,HIGH,25.6,LOW,10.9,LOW,0.0,LOW,0.0,LOW,34.0,LOW,33.1,39.0,37.6,40.5,general_uncertainty,37.1,19.5,20.0,16.0,7.4,4,3,1,2,0,3,HIGHLY_TRUSTED,YELLOW,sentinel_probabilistic_risk_route,83.8,1.0,0.0,"Bawa payung/jas hujan dan gunakan interpretasi konservatif, terutama jika keluar setelah siang.","Local Signal Analyst: sinyal hujan cukup kuat untuk mengaktifkan rain-risk window. | Uncertainty Auditor: agreement relatif masih dapat diterima untuk keputusan umum. | Decision Judge: mission=safety_first → Bawa payung/jas hujan dan gunakan interpretasi konservatif, terutama jika keluar setelah siang.","Jika RH turun ±10%, rain support kemungkinan turun signifikan. Jika kategori antar-source lebih sepakat, trust level akan naik.",Boleh dipakai untuk keputusan umum dengan plan B dan update berkala.,Forecast memilih interpretasi ini karena mode atmosfer EVENING_RAIN_RESIDUAL; 7 source aktif; probabilitas hujan 55.2%; rain P90 7.8 mm.,,14.2,,,,,unavailable,sentinel-x-public-operational-v2,"Bukan peringatan resmi. Untuk cuaca ekstrem, ikuti informasi BMKG dan kondisi setempat.",INSUFFICIENT_DATA_HEURISTIC_MODE,0,transparent_heuristic_until_more_observations,Decision support only; not an official warning.
2026-07-23,23:00,2026-07-23T23:00:00+07:00,7.95,lead_6_12h,safety_first,generic_hyperlocal,generic_local,MIXED_LOCAL_ATMOSPHERE,HIGH,Berawan,28.8,71.2,7,BMKG+CMA+ECMWF+GFS+ICON+METEOFRANCE+UKMO,1.0,12.6,12.6,12.7,13.9,16.0,16.4,16.4,13.9,0.0,94.0,97.0,99.0,97.0,0.0,0.0,0.0,0.0,0.0,0.3,0.9,0.9,28.8,0.0,0.0,3.2,5.5,,13.9,16.4,75.0,,,,0,29.4,44.9,39.5,51.5,38.7,MEDIUM,4.6,LOW,12.2,LOW,0.0,LOW,0.0,LOW,26.9,LOW,27.3,27.6,27.3,36.1,category_disagreement_error,62.1,13.4,15.7,6.2,2.6,6,5,4,5,0,5,HIGHLY_TRUSTED,GREEN,sentinel_probabilistic_risk_route,79.7,1.0,8.6,Risiko relatif terkendali; keputusan normal masih masuk akal dengan pemantauan berkala.,"Local Signal Analyst: sinyal hujan belum dominan, tetapi tetap membaca tail-risk dari P90/P95. | Uncertainty Auditor: agreement relatif masih dapat diterima untuk keputusan umum. | Decision Judge: mission=safety_first → Risiko relatif terkendali; keputusan normal masih masuk akal dengan pemantauan berkala.","Jika RH turun ±10%, rain support kemungkinan turun signifikan. Jika kategori antar-source lebih sepakat, trust level akan naik.",Boleh dipakai untuk rencana umum; tetap bukan peringatan resmi cuaca ekstrem.,Forecast memilih interpretasi ini karena mode atmosfer MIXED_LOCAL_ATMOSPHERE; 7 source aktif.,,13.9,,,,,unavailable,sentinel-x-public-operational-v2,"Bukan peringatan resmi. Untuk cuaca ekstrem, ikuti informasi BMKG dan kondisi setempat.",INSUFFICIENT_DATA_HEURISTIC_MODE,0,transparent_heuristic_until_more_observations,Decision support only; not an official warning.
