location_slug,location_name,target_date,adm4,bmkg_point_name,area_level,is_proxy_bmkg,latitude,longitude,timezone,location_note,jam,sources_used,weight_total,coverage_status,source_list,dominant_category,confidence_score,confidence_label,temp_mean,temp_error,rh_mean,rh_error,rain_mean,rain_error,heat_index_mean,heat_index_error,pct_cerah,pct_cerah_berawan,pct_berawan,pct_hujan_ringan,pct_hujan_sedang,pct_hujan_lebat,temp_std,rh_std,rain_std,heat_index_std,sources_expected,coverage_fraction,gap_mean_minutes,gap_max_minutes
plta_redelong,PLTA Redelong,2026-07-09,11.17.05.2002,Bale Redelong,catchment_point,yes,4.748139,96.977344,Asia/Jakarta,Forecast Redelong representative point. BMKG ADM4 reference: 11.17.05.2002 (Bale Redelong). Initial BMKG reference for Forecast Redelong,06:00,7,6.78,cukup,"CMA,ECMWF,GFS,ICON,KMA,METEOFRANCE,UKMO",Berawan,76.3,Sedang,18.45,+/-1.45,83.67,+/-9.27,0.0,+/-0.0,18.45,+/-1.45,12.5,17.7,69.8,0.0,0.0,0.0,1.45,9.27,0.0,1.45,9,0.7778,0.0,0.0
plta_redelong,PLTA Redelong,2026-07-09,11.17.05.2002,Bale Redelong,catchment_point,yes,4.748139,96.977344,Asia/Jakarta,Forecast Redelong representative point. BMKG ADM4 reference: 11.17.05.2002 (Bale Redelong). Initial BMKG reference for Forecast Redelong,09:00,7,6.78,cukup,"CMA,ECMWF,GFS,ICON,KMA,METEOFRANCE,UKMO",Berawan,72.7,Sedang,23.17,+/-1.28,64.1,+/-6.25,0.0,+/-0.0,23.17,+/-1.28,12.5,33.2,54.3,0.0,0.0,0.0,1.28,6.25,0.0,1.28,9,0.7778,0.0,0.0
plta_redelong,PLTA Redelong,2026-07-09,11.17.05.2002,Bale Redelong,catchment_point,yes,4.748139,96.977344,Asia/Jakarta,Forecast Redelong representative point. BMKG ADM4 reference: 11.17.05.2002 (Bale Redelong). Initial BMKG reference for Forecast Redelong,12:00,7,6.78,cukup,"CMA,ECMWF,GFS,ICON,KMA,METEOFRANCE,UKMO",Berawan,72.8,Sedang,26.85,+/-1.23,57.41,+/-1.76,0.04,+/-0.1,27.37,+/-1.87,0.0,33.9,53.5,12.5,0.0,0.0,1.23,1.76,0.1,1.87,9,0.7778,0.0,0.0
plta_redelong,PLTA Redelong,2026-07-09,11.17.05.2002,Bale Redelong,catchment_point,yes,4.748139,96.977344,Asia/Jakarta,Forecast Redelong representative point. BMKG ADM4 reference: 11.17.05.2002 (Bale Redelong). Initial BMKG reference for Forecast Redelong,15:00,7,6.78,cukup,"CMA,ECMWF,GFS,ICON,KMA,METEOFRANCE,UKMO",Hujan Ringan,73.7,Sedang,25.87,+/-1.39,70.1,+/-11.25,0.17,+/-0.19,25.42,+/-1.11,0.0,0.0,39.5,60.5,0.0,0.0,1.39,11.25,0.19,1.11,9,0.7778,0.0,0.0
plta_redelong,PLTA Redelong,2026-07-09,11.17.05.2002,Bale Redelong,catchment_point,yes,4.748139,96.977344,Asia/Jakarta,Forecast Redelong representative point. BMKG ADM4 reference: 11.17.05.2002 (Bale Redelong). Initial BMKG reference for Forecast Redelong,18:00,9,8.2725,cukup,"BMKG,CMA,ECMWF,GFS,ICON,KMA,METEOFRANCE,METNO,UKMO",Hujan Ringan,79.9,Sedang,22.77,+/-1.34,85.46,+/-2.3,0.19,+/-0.27,22.77,+/-1.34,9.0,35.1,20.3,35.7,0.0,0.0,1.34,2.3,0.27,1.34,9,1.0,20.0,120.0
plta_redelong,PLTA Redelong,2026-07-10,11.17.05.2002,Bale Redelong,catchment_point,yes,4.748139,96.977344,Asia/Jakarta,Forecast Redelong representative point. BMKG ADM4 reference: 11.17.05.2002 (Bale Redelong). Initial BMKG reference for Forecast Redelong,06:00,9,8.708,cukup,"BMKG,CMA,ECMWF,GFS,ICON,KMA,METEOFRANCE,METNO,UKMO",Berawan,83.1,Tinggi,16.75,+/-1.55,84.78,+/-7.9,0.0,+/-0.0,16.75,+/-1.55,20.7,34.2,45.1,0.0,0.0,0.0,1.55,7.9,0.0,1.55,9,1.0,6.67,60.0
plta_redelong,PLTA Redelong,2026-07-10,11.17.05.2002,Bale Redelong,catchment_point,yes,4.748139,96.977344,Asia/Jakarta,Forecast Redelong representative point. BMKG ADM4 reference: 11.17.05.2002 (Bale Redelong). Initial BMKG reference for Forecast Redelong,09:00,9,8.708,cukup,"BMKG,CMA,ECMWF,GFS,ICON,KMA,METEOFRANCE,METNO,UKMO",Cerah Berawan,86.8,Tinggi,23.16,+/-0.68,67.06,+/-6.44,0.0,+/-0.0,23.16,+/-0.68,9.8,57.7,32.5,0.0,0.0,0.0,0.68,6.44,0.0,0.68,9,1.0,6.67,60.0
plta_redelong,PLTA Redelong,2026-07-10,11.17.05.2002,Bale Redelong,catchment_point,yes,4.748139,96.977344,Asia/Jakarta,Forecast Redelong representative point. BMKG ADM4 reference: 11.17.05.2002 (Bale Redelong). Initial BMKG reference for Forecast Redelong,12:00,9,8.708,cukup,"BMKG,CMA,ECMWF,GFS,ICON,KMA,METEOFRANCE,METNO,UKMO",Berawan,82.9,Tinggi,26.95,+/-1.82,52.48,+/-8.98,0.0,+/-0.0,27.32,+/-2.33,11.1,43.7,45.1,0.0,0.0,0.0,1.82,8.98,0.0,2.33,9,1.0,6.67,60.0
plta_redelong,PLTA Redelong,2026-07-10,11.17.05.2002,Bale Redelong,catchment_point,yes,4.748139,96.977344,Asia/Jakarta,Forecast Redelong representative point. BMKG ADM4 reference: 11.17.05.2002 (Bale Redelong). Initial BMKG reference for Forecast Redelong,15:00,9,8.708,cukup,"BMKG,CMA,ECMWF,GFS,ICON,KMA,METEOFRANCE,METNO,UKMO",Cerah Berawan,80.4,Tinggi,26.39,+/-1.69,60.88,+/-10.43,0.09,+/-0.16,26.22,+/-1.69,0.0,35.9,30.8,33.3,0.0,0.0,1.69,10.43,0.16,1.69,9,1.0,6.67,60.0
plta_redelong,PLTA Redelong,2026-07-10,11.17.05.2002,Bale Redelong,catchment_point,yes,4.748139,96.977344,Asia/Jakarta,Forecast Redelong representative point. BMKG ADM4 reference: 11.17.05.2002 (Bale Redelong). Initial BMKG reference for Forecast Redelong,18:00,9,8.708,cukup,"BMKG,CMA,ECMWF,GFS,ICON,KMA,METEOFRANCE,METNO,UKMO",Hujan Ringan,82.7,Tinggi,22.79,+/-1.43,84.3,+/-9.33,0.21,+/-0.26,22.79,+/-1.43,11.1,36.8,7.2,44.8,0.0,0.0,1.43,9.33,0.26,1.43,9,1.0,6.67,60.0
plta_redelong,PLTA Redelong,2026-07-11,11.17.05.2002,Bale Redelong,catchment_point,yes,4.748139,96.977344,Asia/Jakarta,Forecast Redelong representative point. BMKG ADM4 reference: 11.17.05.2002 (Bale Redelong). Initial BMKG reference for Forecast Redelong,06:00,9,8.7376,cukup,"BMKG,CMA,ECMWF,GFS,ICON,KMA,METEOFRANCE,METNO,UKMO",Cerah Berawan,84.5,Tinggi,16.66,+/-0.29,91.42,+/-4.87,0.0,+/-0.0,16.66,+/-0.29,12.0,47.0,41.0,0.0,0.0,0.0,0.29,4.87,0.0,0.29,9,1.0,6.67,60.0
plta_redelong,PLTA Redelong,2026-07-11,11.17.05.2002,Bale Redelong,catchment_point,yes,4.748139,96.977344,Asia/Jakarta,Forecast Redelong representative point. BMKG ADM4 reference: 11.17.05.2002 (Bale Redelong). Initial BMKG reference for Forecast Redelong,09:00,9,8.7376,cukup,"BMKG,CMA,ECMWF,GFS,ICON,KMA,METEOFRANCE,METNO,UKMO",Berawan,86.1,Tinggi,23.33,+/-0.92,69.91,+/-8.05,0.0,+/-0.0,23.33,+/-0.92,23.3,20.9,55.9,0.0,0.0,0.0,0.92,8.05,0.0,0.92,9,1.0,6.67,60.0
plta_redelong,PLTA Redelong,2026-07-11,11.17.05.2002,Bale Redelong,catchment_point,yes,4.748139,96.977344,Asia/Jakarta,Forecast Redelong representative point. BMKG ADM4 reference: 11.17.05.2002 (Bale Redelong). Initial BMKG reference for Forecast Redelong,12:00,9,8.7376,cukup,"BMKG,CMA,ECMWF,GFS,ICON,KMA,METEOFRANCE,METNO,UKMO",Cerah Berawan,83.1,Tinggi,27.25,+/-1.94,52.06,+/-11.01,0.0,+/-0.0,27.94,+/-2.66,11.3,46.6,42.1,0.0,0.0,0.0,1.94,11.01,0.0,2.66,9,1.0,6.67,60.0
plta_redelong,PLTA Redelong,2026-07-11,11.17.05.2002,Bale Redelong,catchment_point,yes,4.748139,96.977344,Asia/Jakarta,Forecast Redelong representative point. BMKG ADM4 reference: 11.17.05.2002 (Bale Redelong). Initial BMKG reference for Forecast Redelong,15:00,9,8.7376,cukup,"BMKG,CMA,ECMWF,GFS,ICON,KMA,METEOFRANCE,METNO,UKMO",Cerah Berawan,83.3,Tinggi,27.56,+/-0.92,55.55,+/-13.26,0.15,+/-0.22,27.8,+/-2.41,11.3,46.6,7.2,34.9,0.0,0.0,0.92,13.26,0.22,2.41,9,1.0,6.67,60.0
plta_redelong,PLTA Redelong,2026-07-11,11.17.05.2002,Bale Redelong,catchment_point,yes,4.748139,96.977344,Asia/Jakarta,Forecast Redelong representative point. BMKG ADM4 reference: 11.17.05.2002 (Bale Redelong). Initial BMKG reference for Forecast Redelong,18:00,9,8.7376,cukup,"BMKG,CMA,ECMWF,GFS,ICON,KMA,METEOFRANCE,METNO,UKMO",Cerah Berawan,83.5,Tinggi,22.97,+/-1.54,79.81,+/-7.4,0.09,+/-0.12,22.97,+/-1.54,11.3,46.6,7.2,34.9,0.0,0.0,1.54,7.4,0.12,1.54,9,1.0,6.67,60.0
gpm1,GPM1,2026-07-09,11.17.05.2002,Bale Redelong,catchment_point,yes,4.81572033808049,96.877105410688,Asia/Jakarta,Forecast Redelong representative point. BMKG ADM4 reference: 11.17.05.2002 (Bale Redelong). Initial BMKG reference for catchment point,06:00,7,6.78,cukup,"CMA,ECMWF,GFS,ICON,KMA,METEOFRANCE,UKMO",Berawan,76.3,Sedang,11.61,+/-1.71,83.78,+/-7.44,0.0,+/-0.0,11.61,+/-1.71,12.5,17.7,69.8,0.0,0.0,0.0,1.71,7.44,0.0,1.71,9,0.7778,0.0,0.0
gpm1,GPM1,2026-07-09,11.17.05.2002,Bale Redelong,catchment_point,yes,4.81572033808049,96.877105410688,Asia/Jakarta,Forecast Redelong representative point. BMKG ADM4 reference: 11.17.05.2002 (Bale Redelong). Initial BMKG reference for catchment point,09:00,7,6.78,cukup,"CMA,ECMWF,GFS,ICON,KMA,METEOFRANCE,UKMO",Berawan,72.8,Sedang,16.54,+/-1.09,67.43,+/-6.3,0.0,+/-0.0,16.54,+/-1.09,0.0,45.7,54.3,0.0,0.0,0.0,1.09,6.3,0.0,1.09,9,0.7778,0.0,0.0
gpm1,GPM1,2026-07-09,11.17.05.2002,Bale Redelong,catchment_point,yes,4.81572033808049,96.877105410688,Asia/Jakarta,Forecast Redelong representative point. BMKG ADM4 reference: 11.17.05.2002 (Bale Redelong). Initial BMKG reference for catchment point,12:00,7,6.78,cukup,"CMA,ECMWF,GFS,ICON,KMA,METEOFRANCE,UKMO",Berawan,72.6,Sedang,20.89,+/-1.24,52.02,+/-5.97,0.0,+/-0.0,20.89,+/-1.24,0.0,46.5,53.5,0.0,0.0,0.0,1.24,5.97,0.0,1.24,9,0.7778,0.0,0.0
gpm1,GPM1,2026-07-09,11.17.05.2002,Bale Redelong,catchment_point,yes,4.81572033808049,96.877105410688,Asia/Jakarta,Forecast Redelong representative point. BMKG ADM4 reference: 11.17.05.2002 (Bale Redelong). Initial BMKG reference for catchment point,15:00,7,6.78,cukup,"CMA,ECMWF,GFS,ICON,KMA,METEOFRANCE,UKMO",Berawan,72.8,Sedang,20.36,+/-0.68,56.62,+/-4.35,0.21,+/-0.24,20.36,+/-0.68,0.0,0.0,53.5,46.5,0.0,0.0,0.68,4.35,0.24,0.68,9,0.7778,0.0,0.0
gpm1,GPM1,2026-07-09,11.17.05.2002,Bale Redelong,catchment_point,yes,4.81572033808049,96.877105410688,Asia/Jakarta,Forecast Redelong representative point. BMKG ADM4 reference: 11.17.05.2002 (Bale Redelong). Initial BMKG reference for catchment point,18:00,9,8.2725,cukup,"BMKG,CMA,ECMWF,GFS,ICON,KMA,METEOFRANCE,METNO,UKMO",Hujan Ringan,79.8,Sedang,16.93,+/-1.29,84.39,+/-4.29,0.12,+/-0.22,16.93,+/-1.29,20.5,23.6,20.3,35.7,0.0,0.0,1.29,4.29,0.22,1.29,9,1.0,20.0,120.0
gpm1,GPM1,2026-07-10,11.17.05.2002,Bale Redelong,catchment_point,yes,4.81572033808049,96.877105410688,Asia/Jakarta,Forecast Redelong representative point. BMKG ADM4 reference: 11.17.05.2002 (Bale Redelong). Initial BMKG reference for catchment point,06:00,9,8.708,cukup,"BMKG,CMA,ECMWF,GFS,ICON,KMA,METEOFRANCE,METNO,UKMO",Berawan,83.0,Tinggi,10.71,+/-1.9,86.21,+/-6.53,0.0,+/-0.0,10.71,+/-1.9,10.9,44.0,45.1,0.0,0.0,0.0,1.9,6.53,0.0,1.9,9,1.0,6.67,60.0
gpm1,GPM1,2026-07-10,11.17.05.2002,Bale Redelong,catchment_point,yes,4.81572033808049,96.877105410688,Asia/Jakarta,Forecast Redelong representative point. BMKG ADM4 reference: 11.17.05.2002 (Bale Redelong). Initial BMKG reference for catchment point,09:00,9,8.708,cukup,"BMKG,CMA,ECMWF,GFS,ICON,KMA,METEOFRANCE,METNO,UKMO",Cerah Berawan,83.7,Tinggi,17.37,+/-1.24,65.72,+/-6.88,0.0,+/-0.0,17.37,+/-1.24,20.7,46.8,32.5,0.0,0.0,0.0,1.24,6.88,0.0,1.24,9,1.0,6.67,60.0
gpm1,GPM1,2026-07-10,11.17.05.2002,Bale Redelong,catchment_point,yes,4.81572033808049,96.877105410688,Asia/Jakarta,Forecast Redelong representative point. BMKG ADM4 reference: 11.17.05.2002 (Bale Redelong). Initial BMKG reference for catchment point,12:00,9,8.708,cukup,"BMKG,CMA,ECMWF,GFS,ICON,KMA,METEOFRANCE,METNO,UKMO",Berawan,83.3,Tinggi,21.49,+/-1.03,50.9,+/-7.86,0.0,+/-0.0,21.49,+/-1.03,11.1,43.7,45.1,0.0,0.0,0.0,1.03,7.86,0.0,1.03,9,1.0,6.67,60.0
gpm1,GPM1,2026-07-10,11.17.05.2002,Bale Redelong,catchment_point,yes,4.81572033808049,96.877105410688,Asia/Jakarta,Forecast Redelong representative point. BMKG ADM4 reference: 11.17.05.2002 (Bale Redelong). Initial BMKG reference for catchment point,15:00,9,8.708,cukup,"BMKG,CMA,ECMWF,GFS,ICON,KMA,METEOFRANCE,METNO,UKMO",Cerah Berawan,83.4,Tinggi,21.26,+/-1.48,60.2,+/-11.94,0.12,+/-0.21,21.26,+/-1.48,0.0,48.0,18.7,33.3,0.0,0.0,1.48,11.94,0.21,1.48,9,1.0,6.67,60.0
gpm1,GPM1,2026-07-10,11.17.05.2002,Bale Redelong,catchment_point,yes,4.81572033808049,96.877105410688,Asia/Jakarta,Forecast Redelong representative point. BMKG ADM4 reference: 11.17.05.2002 (Bale Redelong). Initial BMKG reference for catchment point,18:00,9,8.708,cukup,"BMKG,CMA,ECMWF,GFS,ICON,KMA,METEOFRANCE,METNO,UKMO",Cerah Berawan,80.3,Tinggi,17.69,+/-2.02,80.13,+/-12.04,0.1,+/-0.2,17.69,+/-2.02,11.1,36.8,18.1,33.9,0.0,0.0,2.02,12.04,0.2,2.02,9,1.0,6.67,60.0
gpm1,GPM1,2026-07-11,11.17.05.2002,Bale Redelong,catchment_point,yes,4.81572033808049,96.877105410688,Asia/Jakarta,Forecast Redelong representative point. BMKG ADM4 reference: 11.17.05.2002 (Bale Redelong). Initial BMKG reference for catchment point,06:00,9,8.7376,cukup,"BMKG,CMA,ECMWF,GFS,ICON,KMA,METEOFRANCE,METNO,UKMO",Cerah Berawan,89.4,Tinggi,11.51,+/-1.67,92.58,+/-2.53,0.0,+/-0.0,11.51,+/-1.67,0.0,68.8,31.2,0.0,0.0,0.0,1.67,2.53,0.0,1.67,9,1.0,6.67,60.0
gpm1,GPM1,2026-07-11,11.17.05.2002,Bale Redelong,catchment_point,yes,4.81572033808049,96.877105410688,Asia/Jakarta,Forecast Redelong representative point. BMKG ADM4 reference: 11.17.05.2002 (Bale Redelong). Initial BMKG reference for catchment point,09:00,9,8.7376,cukup,"BMKG,CMA,ECMWF,GFS,ICON,KMA,METEOFRANCE,METNO,UKMO",Berawan,83.3,Tinggi,17.33,+/-0.93,70.36,+/-7.29,0.0,+/-0.0,17.33,+/-0.93,23.3,32.3,44.4,0.0,0.0,0.0,0.93,7.29,0.0,0.93,9,1.0,6.67,60.0
gpm1,GPM1,2026-07-11,11.17.05.2002,Bale Redelong,catchment_point,yes,4.81572033808049,96.877105410688,Asia/Jakarta,Forecast Redelong representative point. BMKG ADM4 reference: 11.17.05.2002 (Bale Redelong). Initial BMKG reference for catchment point,12:00,9,8.7376,cukup,"BMKG,CMA,ECMWF,GFS,ICON,KMA,METEOFRANCE,METNO,UKMO",Cerah Berawan,86.5,Tinggi,21.37,+/-1.03,53.97,+/-9.49,0.0,+/-0.0,21.37,+/-1.03,11.3,58.1,30.7,0.0,0.0,0.0,1.03,9.49,0.0,1.03,9,1.0,6.67,60.0
gpm1,GPM1,2026-07-11,11.17.05.2002,Bale Redelong,catchment_point,yes,4.81572033808049,96.877105410688,Asia/Jakarta,Forecast Redelong representative point. BMKG ADM4 reference: 11.17.05.2002 (Bale Redelong). Initial BMKG reference for catchment point,15:00,9,8.7376,cukup,"BMKG,CMA,ECMWF,GFS,ICON,KMA,METEOFRANCE,METNO,UKMO",Cerah Berawan,83.8,Tinggi,21.25,+/-0.8,51.39,+/-5.75,0.08,+/-0.21,21.25,+/-0.8,22.1,46.0,19.2,12.6,0.0,0.0,0.8,5.75,0.21,0.8,9,1.0,6.67,60.0
gpm1,GPM1,2026-07-11,11.17.05.2002,Bale Redelong,catchment_point,yes,4.81572033808049,96.877105410688,Asia/Jakarta,Forecast Redelong representative point. BMKG ADM4 reference: 11.17.05.2002 (Bale Redelong). Initial BMKG reference for catchment point,18:00,9,8.7376,cukup,"BMKG,CMA,ECMWF,GFS,ICON,KMA,METEOFRANCE,METNO,UKMO",Cerah Berawan,86.0,Tinggi,17.52,+/-1.75,74.86,+/-8.56,0.03,+/-0.07,17.52,+/-1.75,22.7,57.5,7.2,12.6,0.0,0.0,1.75,8.56,0.07,1.75,9,1.0,6.67,60.0
gpm2,GPM2,2026-07-09,11.17.05.2002,Bale Redelong,catchment_point,yes,4.811672965065149,96.9505347134354,Asia/Jakarta,Forecast Redelong representative point. BMKG ADM4 reference: 11.17.05.2002 (Bale Redelong). Initial BMKG reference for catchment point,06:00,7,6.78,cukup,"CMA,ECMWF,GFS,ICON,KMA,METEOFRANCE,UKMO",Berawan,76.2,Sedang,15.95,+/-1.72,84.21,+/-8.1,0.0,+/-0.0,15.95,+/-1.72,12.5,17.7,69.8,0.0,0.0,0.0,1.72,8.1,0.0,1.72,9,0.7778,0.0,0.0
gpm2,GPM2,2026-07-09,11.17.05.2002,Bale Redelong,catchment_point,yes,4.811672965065149,96.9505347134354,Asia/Jakarta,Forecast Redelong representative point. BMKG ADM4 reference: 11.17.05.2002 (Bale Redelong). Initial BMKG reference for catchment point,09:00,7,6.78,cukup,"CMA,ECMWF,GFS,ICON,KMA,METEOFRANCE,UKMO",Berawan,72.7,Sedang,20.97,+/-1.21,66.85,+/-7.05,0.0,+/-0.0,20.97,+/-1.21,0.0,45.7,54.3,0.0,0.0,0.0,1.21,7.05,0.0,1.21,9,0.7778,0.0,0.0
gpm2,GPM2,2026-07-09,11.17.05.2002,Bale Redelong,catchment_point,yes,4.811672965065149,96.9505347134354,Asia/Jakarta,Forecast Redelong representative point. BMKG ADM4 reference: 11.17.05.2002 (Bale Redelong). Initial BMKG reference for catchment point,12:00,7,6.78,cukup,"CMA,ECMWF,GFS,ICON,KMA,METEOFRANCE,UKMO",Berawan,72.7,Sedang,24.87,+/-1.15,52.93,+/-4.21,0.0,+/-0.0,25.02,+/-1.44,0.0,46.5,53.5,0.0,0.0,0.0,1.15,4.21,0.0,1.44,9,0.7778,0.0,0.0
gpm2,GPM2,2026-07-09,11.17.05.2002,Bale Redelong,catchment_point,yes,4.811672965065149,96.9505347134354,Asia/Jakarta,Forecast Redelong representative point. BMKG ADM4 reference: 11.17.05.2002 (Bale Redelong). Initial BMKG reference for catchment point,15:00,7,6.78,cukup,"CMA,ECMWF,GFS,ICON,KMA,METEOFRANCE,UKMO",Berawan,72.3,Sedang,24.51,+/-0.69,65.54,+/-11.46,0.15,+/-0.2,24.51,+/-0.69,0.0,0.0,53.5,46.5,0.0,0.0,0.69,11.46,0.2,0.69,9,0.7778,0.0,0.0
gpm2,GPM2,2026-07-09,11.17.05.2002,Bale Redelong,catchment_point,yes,4.811672965065149,96.9505347134354,Asia/Jakarta,Forecast Redelong representative point. BMKG ADM4 reference: 11.17.05.2002 (Bale Redelong). Initial BMKG reference for catchment point,18:00,9,8.2725,cukup,"BMKG,CMA,ECMWF,GFS,ICON,KMA,METEOFRANCE,METNO,UKMO",Hujan Ringan,79.5,Sedang,20.35,+/-1.76,85.48,+/-5.84,0.09,+/-0.13,20.35,+/-1.76,20.5,14.5,29.4,35.7,0.0,0.0,1.76,5.84,0.13,1.76,9,1.0,20.0,120.0
gpm2,GPM2,2026-07-10,11.17.05.2002,Bale Redelong,catchment_point,yes,4.811672965065149,96.9505347134354,Asia/Jakarta,Forecast Redelong representative point. BMKG ADM4 reference: 11.17.05.2002 (Bale Redelong). Initial BMKG reference for catchment point,06:00,9,8.708,cukup,"BMKG,CMA,ECMWF,GFS,ICON,KMA,METEOFRANCE,METNO,UKMO",Berawan,83.1,Tinggi,14.42,+/-1.6,85.49,+/-7.89,0.0,+/-0.0,14.42,+/-1.6,10.9,44.0,45.1,0.0,0.0,0.0,1.6,7.89,0.0,1.6,9,1.0,6.67,60.0
gpm2,GPM2,2026-07-10,11.17.05.2002,Bale Redelong,catchment_point,yes,4.811672965065149,96.9505347134354,Asia/Jakarta,Forecast Redelong representative point. BMKG ADM4 reference: 11.17.05.2002 (Bale Redelong). Initial BMKG reference for catchment point,09:00,9,8.708,cukup,"BMKG,CMA,ECMWF,GFS,ICON,KMA,METEOFRANCE,METNO,UKMO",Cerah Berawan,84.2,Tinggi,20.94,+/-0.71,63.68,+/-3.99,0.0,+/-0.0,20.94,+/-0.71,20.7,46.8,32.5,0.0,0.0,0.0,0.71,3.99,0.0,0.71,9,1.0,6.67,60.0
gpm2,GPM2,2026-07-10,11.17.05.2002,Bale Redelong,catchment_point,yes,4.811672965065149,96.9505347134354,Asia/Jakarta,Forecast Redelong representative point. BMKG ADM4 reference: 11.17.05.2002 (Bale Redelong). Initial BMKG reference for catchment point,12:00,9,8.708,cukup,"BMKG,CMA,ECMWF,GFS,ICON,KMA,METEOFRANCE,METNO,UKMO",Berawan,83.4,Tinggi,25.0,+/-1.13,52.77,+/-6.87,0.0,+/-0.0,25.17,+/-1.44,11.1,43.7,45.1,0.0,0.0,0.0,1.13,6.87,0.0,1.44,9,1.0,6.67,60.0
gpm2,GPM2,2026-07-10,11.17.05.2002,Bale Redelong,catchment_point,yes,4.811672965065149,96.9505347134354,Asia/Jakarta,Forecast Redelong representative point. BMKG ADM4 reference: 11.17.05.2002 (Bale Redelong). Initial BMKG reference for catchment point,15:00,9,8.708,cukup,"BMKG,CMA,ECMWF,GFS,ICON,KMA,METEOFRANCE,METNO,UKMO",Cerah Berawan,80.2,Tinggi,24.27,+/-1.65,62.77,+/-12.3,0.13,+/-0.23,24.27,+/-1.65,0.0,35.9,30.8,33.3,0.0,0.0,1.65,12.3,0.23,1.65,9,1.0,6.67,60.0
gpm2,GPM2,2026-07-10,11.17.05.2002,Bale Redelong,catchment_point,yes,4.811672965065149,96.9505347134354,Asia/Jakarta,Forecast Redelong representative point. BMKG ADM4 reference: 11.17.05.2002 (Bale Redelong). Initial BMKG reference for catchment point,18:00,9,8.708,cukup,"BMKG,CMA,ECMWF,GFS,ICON,KMA,METEOFRANCE,METNO,UKMO",Cerah Berawan,81.6,Tinggi,20.99,+/-0.27,83.8,+/-6.74,0.1,+/-0.2,20.99,+/-0.27,11.1,36.8,18.1,33.9,0.0,0.0,0.27,6.74,0.2,0.27,9,1.0,6.67,60.0
gpm2,GPM2,2026-07-11,11.17.05.2002,Bale Redelong,catchment_point,yes,4.811672965065149,96.9505347134354,Asia/Jakarta,Forecast Redelong representative point. BMKG ADM4 reference: 11.17.05.2002 (Bale Redelong). Initial BMKG reference for catchment point,06:00,9,8.7376,cukup,"BMKG,CMA,ECMWF,GFS,ICON,KMA,METEOFRANCE,METNO,UKMO",Cerah Berawan,86.9,Tinggi,14.16,+/-0.44,91.52,+/-4.51,0.0,+/-0.0,14.16,+/-0.44,12.0,56.7,31.2,0.0,0.0,0.0,0.44,4.51,0.0,0.44,9,1.0,6.67,60.0
gpm2,GPM2,2026-07-11,11.17.05.2002,Bale Redelong,catchment_point,yes,4.811672965065149,96.9505347134354,Asia/Jakarta,Forecast Redelong representative point. BMKG ADM4 reference: 11.17.05.2002 (Bale Redelong). Initial BMKG reference for catchment point,09:00,9,8.7376,cukup,"BMKG,CMA,ECMWF,GFS,ICON,KMA,METEOFRANCE,METNO,UKMO",Berawan,83.3,Tinggi,21.0,+/-1.04,70.14,+/-6.69,0.0,+/-0.0,21.0,+/-1.04,23.3,32.3,44.4,0.0,0.0,0.0,1.04,6.69,0.0,1.04,9,1.0,6.67,60.0
gpm2,GPM2,2026-07-11,11.17.05.2002,Bale Redelong,catchment_point,yes,4.811672965065149,96.9505347134354,Asia/Jakarta,Forecast Redelong representative point. BMKG ADM4 reference: 11.17.05.2002 (Bale Redelong). Initial BMKG reference for catchment point,12:00,9,8.7376,cukup,"BMKG,CMA,ECMWF,GFS,ICON,KMA,METEOFRANCE,METNO,UKMO",Cerah Berawan,86.3,Tinggi,25.39,+/-1.31,52.16,+/-10.77,0.0,+/-0.0,25.62,+/-1.68,11.3,58.1,30.7,0.0,0.0,0.0,1.31,10.77,0.0,1.68,9,1.0,6.67,60.0
gpm2,GPM2,2026-07-11,11.17.05.2002,Bale Redelong,catchment_point,yes,4.811672965065149,96.9505347134354,Asia/Jakarta,Forecast Redelong representative point. BMKG ADM4 reference: 11.17.05.2002 (Bale Redelong). Initial BMKG reference for catchment point,15:00,9,8.7376,cukup,"BMKG,CMA,ECMWF,GFS,ICON,KMA,METEOFRANCE,METNO,UKMO",Cerah Berawan,87.2,Tinggi,25.73,+/-0.11,51.45,+/-5.0,0.08,+/-0.21,25.73,+/-0.11,22.1,58.1,7.2,12.6,0.0,0.0,0.11,5.0,0.21,0.11,9,1.0,6.67,60.0
gpm2,GPM2,2026-07-11,11.17.05.2002,Bale Redelong,catchment_point,yes,4.811672965065149,96.9505347134354,Asia/Jakarta,Forecast Redelong representative point. BMKG ADM4 reference: 11.17.05.2002 (Bale Redelong). Initial BMKG reference for catchment point,18:00,9,8.7376,cukup,"BMKG,CMA,ECMWF,GFS,ICON,KMA,METEOFRANCE,METNO,UKMO",Cerah Berawan,84.3,Tinggi,21.04,+/-1.37,74.49,+/-2.12,0.03,+/-0.07,21.04,+/-1.37,22.7,47.8,16.9,12.6,0.0,0.0,1.37,2.12,0.07,1.37,9,1.0,6.67,60.0
gpm3,GPM3,2026-07-09,11.17.05.2002,Bale Redelong,catchment_point,yes,4.815409756944025,97.009911990332,Asia/Jakarta,Forecast Redelong representative point. BMKG ADM4 reference: 11.17.05.2002 (Bale Redelong). Initial BMKG reference for catchment point,06:00,7,6.78,cukup,"CMA,ECMWF,GFS,ICON,KMA,METEOFRANCE,UKMO",Berawan,76.2,Sedang,14.83,+/-1.73,84.21,+/-8.1,0.0,+/-0.0,14.83,+/-1.73,12.5,17.7,69.8,0.0,0.0,0.0,1.73,8.1,0.0,1.73,9,0.7778,0.0,0.0
gpm3,GPM3,2026-07-09,11.17.05.2002,Bale Redelong,catchment_point,yes,4.815409756944025,97.009911990332,Asia/Jakarta,Forecast Redelong representative point. BMKG ADM4 reference: 11.17.05.2002 (Bale Redelong). Initial BMKG reference for catchment point,09:00,7,6.78,cukup,"CMA,ECMWF,GFS,ICON,KMA,METEOFRANCE,UKMO",Berawan,72.7,Sedang,19.85,+/-1.19,66.85,+/-7.05,0.0,+/-0.0,19.85,+/-1.19,0.0,45.7,54.3,0.0,0.0,0.0,1.19,7.05,0.0,1.19,9,0.7778,0.0,0.0
gpm3,GPM3,2026-07-09,11.17.05.2002,Bale Redelong,catchment_point,yes,4.815409756944025,97.009911990332,Asia/Jakarta,Forecast Redelong representative point. BMKG ADM4 reference: 11.17.05.2002 (Bale Redelong). Initial BMKG reference for catchment point,12:00,7,6.78,cukup,"CMA,ECMWF,GFS,ICON,KMA,METEOFRANCE,UKMO",Berawan,72.7,Sedang,23.77,+/-1.15,52.93,+/-4.21,0.0,+/-0.0,23.77,+/-1.15,0.0,46.5,53.5,0.0,0.0,0.0,1.15,4.21,0.0,1.15,9,0.7778,0.0,0.0
gpm3,GPM3,2026-07-09,11.17.05.2002,Bale Redelong,catchment_point,yes,4.815409756944025,97.009911990332,Asia/Jakarta,Forecast Redelong representative point. BMKG ADM4 reference: 11.17.05.2002 (Bale Redelong). Initial BMKG reference for catchment point,15:00,7,6.78,cukup,"CMA,ECMWF,GFS,ICON,KMA,METEOFRANCE,UKMO",Berawan,72.3,Sedang,23.41,+/-0.69,65.54,+/-11.46,0.15,+/-0.2,23.41,+/-0.69,0.0,0.0,53.5,46.5,0.0,0.0,0.69,11.46,0.2,0.69,9,0.7778,0.0,0.0
gpm3,GPM3,2026-07-09,11.17.05.2002,Bale Redelong,catchment_point,yes,4.815409756944025,97.009911990332,Asia/Jakarta,Forecast Redelong representative point. BMKG ADM4 reference: 11.17.05.2002 (Bale Redelong). Initial BMKG reference for catchment point,18:00,9,8.2725,cukup,"BMKG,CMA,ECMWF,GFS,ICON,KMA,METEOFRANCE,METNO,UKMO",Hujan Ringan,79.6,Sedang,19.29,+/-1.63,85.48,+/-5.84,0.09,+/-0.13,19.29,+/-1.63,20.5,14.5,29.4,35.7,0.0,0.0,1.63,5.84,0.13,1.63,9,1.0,20.0,120.0
gpm3,GPM3,2026-07-10,11.17.05.2002,Bale Redelong,catchment_point,yes,4.815409756944025,97.009911990332,Asia/Jakarta,Forecast Redelong representative point. BMKG ADM4 reference: 11.17.05.2002 (Bale Redelong). Initial BMKG reference for catchment point,06:00,9,8.708,cukup,"BMKG,CMA,ECMWF,GFS,ICON,KMA,METEOFRANCE,METNO,UKMO",Berawan,83.0,Tinggi,13.35,+/-1.69,85.49,+/-7.89,0.0,+/-0.0,13.35,+/-1.69,10.9,44.0,45.1,0.0,0.0,0.0,1.69,7.89,0.0,1.69,9,1.0,6.67,60.0
gpm3,GPM3,2026-07-10,11.17.05.2002,Bale Redelong,catchment_point,yes,4.815409756944025,97.009911990332,Asia/Jakarta,Forecast Redelong representative point. BMKG ADM4 reference: 11.17.05.2002 (Bale Redelong). Initial BMKG reference for catchment point,09:00,9,8.708,cukup,"BMKG,CMA,ECMWF,GFS,ICON,KMA,METEOFRANCE,METNO,UKMO",Cerah Berawan,84.4,Tinggi,19.65,+/-0.34,63.68,+/-3.99,0.0,+/-0.0,19.65,+/-0.34,20.7,46.8,32.5,0.0,0.0,0.0,0.34,3.99,0.0,0.34,9,1.0,6.67,60.0
gpm3,GPM3,2026-07-10,11.17.05.2002,Bale Redelong,catchment_point,yes,4.815409756944025,97.009911990332,Asia/Jakarta,Forecast Redelong representative point. BMKG ADM4 reference: 11.17.05.2002 (Bale Redelong). Initial BMKG reference for catchment point,12:00,9,8.708,cukup,"BMKG,CMA,ECMWF,GFS,ICON,KMA,METEOFRANCE,METNO,UKMO",Berawan,83.4,Tinggi,23.95,+/-0.97,52.77,+/-6.87,0.0,+/-0.0,23.95,+/-0.97,11.1,43.7,45.1,0.0,0.0,0.0,0.97,6.87,0.0,0.97,9,1.0,6.67,60.0
gpm3,GPM3,2026-07-10,11.17.05.2002,Bale Redelong,catchment_point,yes,4.815409756944025,97.009911990332,Asia/Jakarta,Forecast Redelong representative point. BMKG ADM4 reference: 11.17.05.2002 (Bale Redelong). Initial BMKG reference for catchment point,15:00,9,8.708,cukup,"BMKG,CMA,ECMWF,GFS,ICON,KMA,METEOFRANCE,METNO,UKMO",Cerah Berawan,80.2,Tinggi,23.2,+/-1.6,62.77,+/-12.3,0.13,+/-0.23,23.2,+/-1.6,0.0,35.9,30.8,33.3,0.0,0.0,1.6,12.3,0.23,1.6,9,1.0,6.67,60.0
gpm3,GPM3,2026-07-10,11.17.05.2002,Bale Redelong,catchment_point,yes,4.815409756944025,97.009911990332,Asia/Jakarta,Forecast Redelong representative point. BMKG ADM4 reference: 11.17.05.2002 (Bale Redelong). Initial BMKG reference for catchment point,18:00,9,8.708,cukup,"BMKG,CMA,ECMWF,GFS,ICON,KMA,METEOFRANCE,METNO,UKMO",Cerah Berawan,81.5,Tinggi,19.95,+/-0.49,83.8,+/-6.74,0.1,+/-0.2,19.95,+/-0.49,11.1,36.8,18.1,33.9,0.0,0.0,0.49,6.74,0.2,0.49,9,1.0,6.67,60.0
gpm3,GPM3,2026-07-11,11.17.05.2002,Bale Redelong,catchment_point,yes,4.815409756944025,97.009911990332,Asia/Jakarta,Forecast Redelong representative point. BMKG ADM4 reference: 11.17.05.2002 (Bale Redelong). Initial BMKG reference for catchment point,06:00,9,8.7376,cukup,"BMKG,CMA,ECMWF,GFS,ICON,KMA,METEOFRANCE,METNO,UKMO",Cerah Berawan,86.3,Tinggi,14.05,+/-1.64,91.52,+/-4.51,0.0,+/-0.0,14.05,+/-1.64,12.0,56.7,31.2,0.0,0.0,0.0,1.64,4.51,0.0,1.64,9,1.0,6.67,60.0
gpm3,GPM3,2026-07-11,11.17.05.2002,Bale Redelong,catchment_point,yes,4.815409756944025,97.009911990332,Asia/Jakarta,Forecast Redelong representative point. BMKG ADM4 reference: 11.17.05.2002 (Bale Redelong). Initial BMKG reference for catchment point,09:00,9,8.7376,cukup,"BMKG,CMA,ECMWF,GFS,ICON,KMA,METEOFRANCE,METNO,UKMO",Berawan,83.4,Tinggi,19.94,+/-0.85,70.14,+/-6.69,0.0,+/-0.0,19.94,+/-0.85,23.3,32.3,44.4,0.0,0.0,0.0,0.85,6.69,0.0,0.85,9,1.0,6.67,60.0
gpm3,GPM3,2026-07-11,11.17.05.2002,Bale Redelong,catchment_point,yes,4.815409756944025,97.009911990332,Asia/Jakarta,Forecast Redelong representative point. BMKG ADM4 reference: 11.17.05.2002 (Bale Redelong). Initial BMKG reference for catchment point,12:00,9,8.7376,cukup,"BMKG,CMA,ECMWF,GFS,ICON,KMA,METEOFRANCE,METNO,UKMO",Cerah Berawan,86.4,Tinggi,24.34,+/-1.13,52.16,+/-10.77,0.0,+/-0.0,24.34,+/-1.13,11.3,58.1,30.7,0.0,0.0,0.0,1.13,10.77,0.0,1.13,9,1.0,6.67,60.0
gpm3,GPM3,2026-07-11,11.17.05.2002,Bale Redelong,catchment_point,yes,4.815409756944025,97.009911990332,Asia/Jakarta,Forecast Redelong representative point. BMKG ADM4 reference: 11.17.05.2002 (Bale Redelong). Initial BMKG reference for catchment point,15:00,9,8.7376,cukup,"BMKG,CMA,ECMWF,GFS,ICON,KMA,METEOFRANCE,METNO,UKMO",Cerah Berawan,87.1,Tinggi,24.5,+/-0.2,51.45,+/-5.0,0.08,+/-0.21,24.5,+/-0.2,22.1,58.1,7.2,12.6,0.0,0.0,0.2,5.0,0.21,0.2,9,1.0,6.67,60.0
gpm3,GPM3,2026-07-11,11.17.05.2002,Bale Redelong,catchment_point,yes,4.815409756944025,97.009911990332,Asia/Jakarta,Forecast Redelong representative point. BMKG ADM4 reference: 11.17.05.2002 (Bale Redelong). Initial BMKG reference for catchment point,18:00,9,8.7376,cukup,"BMKG,CMA,ECMWF,GFS,ICON,KMA,METEOFRANCE,METNO,UKMO",Cerah Berawan,84.5,Tinggi,20.35,+/-0.84,74.49,+/-2.12,0.03,+/-0.07,20.35,+/-0.84,22.7,47.8,16.9,12.6,0.0,0.0,0.84,2.12,0.07,0.84,9,1.0,6.67,60.0
gpm4,GPM4,2026-07-09,11.17.05.2002,Bale Redelong,catchment_point,yes,4.778238355009202,96.8876539578458,Asia/Jakarta,Forecast Redelong representative point. BMKG ADM4 reference: 11.17.05.2002 (Bale Redelong). Initial BMKG reference for catchment point,06:00,7,6.78,cukup,"CMA,ECMWF,GFS,ICON,KMA,METEOFRANCE,UKMO",Berawan,76.3,Sedang,13.68,+/-1.71,83.78,+/-7.44,0.0,+/-0.0,13.68,+/-1.71,12.5,17.7,69.8,0.0,0.0,0.0,1.71,7.44,0.0,1.71,9,0.7778,0.0,0.0
gpm4,GPM4,2026-07-09,11.17.05.2002,Bale Redelong,catchment_point,yes,4.778238355009202,96.8876539578458,Asia/Jakarta,Forecast Redelong representative point. BMKG ADM4 reference: 11.17.05.2002 (Bale Redelong). Initial BMKG reference for catchment point,09:00,7,6.78,cukup,"CMA,ECMWF,GFS,ICON,KMA,METEOFRANCE,UKMO",Berawan,72.8,Sedang,18.6,+/-1.06,67.43,+/-6.3,0.0,+/-0.0,18.6,+/-1.06,0.0,45.7,54.3,0.0,0.0,0.0,1.06,6.3,0.0,1.06,9,0.7778,0.0,0.0
gpm4,GPM4,2026-07-09,11.17.05.2002,Bale Redelong,catchment_point,yes,4.778238355009202,96.8876539578458,Asia/Jakarta,Forecast Redelong representative point. BMKG ADM4 reference: 11.17.05.2002 (Bale Redelong). Initial BMKG reference for catchment point,12:00,7,6.78,cukup,"CMA,ECMWF,GFS,ICON,KMA,METEOFRANCE,UKMO",Berawan,72.6,Sedang,22.94,+/-1.21,52.02,+/-5.97,0.0,+/-0.0,22.94,+/-1.21,0.0,46.5,53.5,0.0,0.0,0.0,1.21,5.97,0.0,1.21,9,0.7778,0.0,0.0
gpm4,GPM4,2026-07-09,11.17.05.2002,Bale Redelong,catchment_point,yes,4.778238355009202,96.8876539578458,Asia/Jakarta,Forecast Redelong representative point. BMKG ADM4 reference: 11.17.05.2002 (Bale Redelong). Initial BMKG reference for catchment point,15:00,7,6.78,cukup,"CMA,ECMWF,GFS,ICON,KMA,METEOFRANCE,UKMO",Berawan,72.8,Sedang,22.41,+/-0.66,56.62,+/-4.35,0.21,+/-0.24,22.41,+/-0.66,0.0,0.0,53.5,46.5,0.0,0.0,0.66,4.35,0.24,0.66,9,0.7778,0.0,0.0
gpm4,GPM4,2026-07-09,11.17.05.2002,Bale Redelong,catchment_point,yes,4.778238355009202,96.8876539578458,Asia/Jakarta,Forecast Redelong representative point. BMKG ADM4 reference: 11.17.05.2002 (Bale Redelong). Initial BMKG reference for catchment point,18:00,9,8.2725,cukup,"BMKG,CMA,ECMWF,GFS,ICON,KMA,METEOFRANCE,METNO,UKMO",Hujan Ringan,79.7,Sedang,18.8,+/-1.36,84.39,+/-4.29,0.12,+/-0.22,18.8,+/-1.36,20.5,23.6,20.3,35.7,0.0,0.0,1.36,4.29,0.22,1.36,9,1.0,20.0,120.0
gpm4,GPM4,2026-07-10,11.17.05.2002,Bale Redelong,catchment_point,yes,4.778238355009202,96.8876539578458,Asia/Jakarta,Forecast Redelong representative point. BMKG ADM4 reference: 11.17.05.2002 (Bale Redelong). Initial BMKG reference for catchment point,06:00,9,8.708,cukup,"BMKG,CMA,ECMWF,GFS,ICON,KMA,METEOFRANCE,METNO,UKMO",Berawan,83.1,Tinggi,12.56,+/-1.61,86.21,+/-6.53,0.0,+/-0.0,12.56,+/-1.61,10.9,44.0,45.1,0.0,0.0,0.0,1.61,6.53,0.0,1.61,9,1.0,6.67,60.0
gpm4,GPM4,2026-07-10,11.17.05.2002,Bale Redelong,catchment_point,yes,4.778238355009202,96.8876539578458,Asia/Jakarta,Forecast Redelong representative point. BMKG ADM4 reference: 11.17.05.2002 (Bale Redelong). Initial BMKG reference for catchment point,09:00,9,8.708,cukup,"BMKG,CMA,ECMWF,GFS,ICON,KMA,METEOFRANCE,METNO,UKMO",Cerah Berawan,83.9,Tinggi,19.22,+/-0.9,65.72,+/-6.88,0.0,+/-0.0,19.22,+/-0.9,20.7,46.8,32.5,0.0,0.0,0.0,0.9,6.88,0.0,0.9,9,1.0,6.67,60.0
gpm4,GPM4,2026-07-10,11.17.05.2002,Bale Redelong,catchment_point,yes,4.778238355009202,96.8876539578458,Asia/Jakarta,Forecast Redelong representative point. BMKG ADM4 reference: 11.17.05.2002 (Bale Redelong). Initial BMKG reference for catchment point,12:00,9,8.708,cukup,"BMKG,CMA,ECMWF,GFS,ICON,KMA,METEOFRANCE,METNO,UKMO",Berawan,83.4,Tinggi,23.35,+/-0.9,50.9,+/-7.86,0.0,+/-0.0,23.35,+/-0.9,11.1,43.7,45.1,0.0,0.0,0.0,0.9,7.86,0.0,0.9,9,1.0,6.67,60.0
gpm4,GPM4,2026-07-10,11.17.05.2002,Bale Redelong,catchment_point,yes,4.778238355009202,96.8876539578458,Asia/Jakarta,Forecast Redelong representative point. BMKG ADM4 reference: 11.17.05.2002 (Bale Redelong). Initial BMKG reference for catchment point,15:00,9,8.708,cukup,"BMKG,CMA,ECMWF,GFS,ICON,KMA,METEOFRANCE,METNO,UKMO",Cerah Berawan,83.9,Tinggi,23.56,+/-0.46,60.2,+/-11.94,0.12,+/-0.21,23.56,+/-0.46,0.0,48.0,18.7,33.3,0.0,0.0,0.46,11.94,0.21,0.46,9,1.0,6.67,60.0
gpm4,GPM4,2026-07-10,11.17.05.2002,Bale Redelong,catchment_point,yes,4.778238355009202,96.8876539578458,Asia/Jakarta,Forecast Redelong representative point. BMKG ADM4 reference: 11.17.05.2002 (Bale Redelong). Initial BMKG reference for catchment point,18:00,9,8.708,cukup,"BMKG,CMA,ECMWF,GFS,ICON,KMA,METEOFRANCE,METNO,UKMO",Cerah Berawan,80.5,Tinggi,19.55,+/-1.7,80.13,+/-12.04,0.1,+/-0.2,19.55,+/-1.7,11.1,36.8,18.1,33.9,0.0,0.0,1.7,12.04,0.2,1.7,9,1.0,6.67,60.0
gpm4,GPM4,2026-07-11,11.17.05.2002,Bale Redelong,catchment_point,yes,4.778238355009202,96.8876539578458,Asia/Jakarta,Forecast Redelong representative point. BMKG ADM4 reference: 11.17.05.2002 (Bale Redelong). Initial BMKG reference for catchment point,06:00,9,8.7376,cukup,"BMKG,CMA,ECMWF,GFS,ICON,KMA,METEOFRANCE,METNO,UKMO",Cerah Berawan,89.5,Tinggi,13.37,+/-1.41,92.58,+/-2.53,0.0,+/-0.0,13.37,+/-1.41,0.0,68.8,31.2,0.0,0.0,0.0,1.41,2.53,0.0,1.41,9,1.0,6.67,60.0
gpm4,GPM4,2026-07-11,11.17.05.2002,Bale Redelong,catchment_point,yes,4.778238355009202,96.8876539578458,Asia/Jakarta,Forecast Redelong representative point. BMKG ADM4 reference: 11.17.05.2002 (Bale Redelong). Initial BMKG reference for catchment point,09:00,9,8.7376,cukup,"BMKG,CMA,ECMWF,GFS,ICON,KMA,METEOFRANCE,METNO,UKMO",Berawan,83.4,Tinggi,19.16,+/-0.72,70.36,+/-7.29,0.0,+/-0.0,19.16,+/-0.72,23.3,32.3,44.4,0.0,0.0,0.0,0.72,7.29,0.0,0.72,9,1.0,6.67,60.0
gpm4,GPM4,2026-07-11,11.17.05.2002,Bale Redelong,catchment_point,yes,4.778238355009202,96.8876539578458,Asia/Jakarta,Forecast Redelong representative point. BMKG ADM4 reference: 11.17.05.2002 (Bale Redelong). Initial BMKG reference for catchment point,12:00,9,8.7376,cukup,"BMKG,CMA,ECMWF,GFS,ICON,KMA,METEOFRANCE,METNO,UKMO",Cerah Berawan,86.6,Tinggi,23.21,+/-0.85,53.97,+/-9.49,0.0,+/-0.0,23.21,+/-0.85,11.3,58.1,30.7,0.0,0.0,0.0,0.85,9.49,0.0,0.85,9,1.0,6.67,60.0
gpm4,GPM4,2026-07-11,11.17.05.2002,Bale Redelong,catchment_point,yes,4.778238355009202,96.8876539578458,Asia/Jakarta,Forecast Redelong representative point. BMKG ADM4 reference: 11.17.05.2002 (Bale Redelong). Initial BMKG reference for catchment point,15:00,9,8.7376,cukup,"BMKG,CMA,ECMWF,GFS,ICON,KMA,METEOFRANCE,METNO,UKMO",Cerah Berawan,84.0,Tinggi,23.22,+/-0.23,51.39,+/-5.75,0.08,+/-0.21,23.22,+/-0.23,22.1,46.0,19.2,12.6,0.0,0.0,0.23,5.75,0.21,0.23,9,1.0,6.67,60.0
gpm4,GPM4,2026-07-11,11.17.05.2002,Bale Redelong,catchment_point,yes,4.778238355009202,96.8876539578458,Asia/Jakarta,Forecast Redelong representative point. BMKG ADM4 reference: 11.17.05.2002 (Bale Redelong). Initial BMKG reference for catchment point,18:00,9,8.7376,cukup,"BMKG,CMA,ECMWF,GFS,ICON,KMA,METEOFRANCE,METNO,UKMO",Cerah Berawan,86.2,Tinggi,19.38,+/-1.48,74.86,+/-8.56,0.03,+/-0.07,19.38,+/-1.48,22.7,57.5,7.2,12.6,0.0,0.0,1.48,8.56,0.07,1.48,9,1.0,6.67,60.0
gpm5,GPM5,2026-07-09,11.17.05.2002,Bale Redelong,catchment_point,yes,4.767312077178135,96.94566692384144,Asia/Jakarta,Forecast Redelong representative point. BMKG ADM4 reference: 11.17.05.2002 (Bale Redelong). Initial BMKG reference for catchment point,06:00,7,6.78,cukup,"CMA,ECMWF,GFS,ICON,KMA,METEOFRANCE,UKMO",Berawan,76.2,Sedang,16.85,+/-1.72,84.21,+/-8.1,0.0,+/-0.0,16.85,+/-1.72,12.5,17.7,69.8,0.0,0.0,0.0,1.72,8.1,0.0,1.72,9,0.7778,0.0,0.0
gpm5,GPM5,2026-07-09,11.17.05.2002,Bale Redelong,catchment_point,yes,4.767312077178135,96.94566692384144,Asia/Jakarta,Forecast Redelong representative point. BMKG ADM4 reference: 11.17.05.2002 (Bale Redelong). Initial BMKG reference for catchment point,09:00,7,6.78,cukup,"CMA,ECMWF,GFS,ICON,KMA,METEOFRANCE,UKMO",Berawan,72.7,Sedang,21.87,+/-1.21,66.85,+/-7.05,0.0,+/-0.0,21.87,+/-1.21,0.0,45.7,54.3,0.0,0.0,0.0,1.21,7.05,0.0,1.21,9,0.7778,0.0,0.0
gpm5,GPM5,2026-07-09,11.17.05.2002,Bale Redelong,catchment_point,yes,4.767312077178135,96.94566692384144,Asia/Jakarta,Forecast Redelong representative point. BMKG ADM4 reference: 11.17.05.2002 (Bale Redelong). Initial BMKG reference for catchment point,12:00,7,6.78,cukup,"CMA,ECMWF,GFS,ICON,KMA,METEOFRANCE,UKMO",Berawan,72.7,Sedang,25.77,+/-1.15,52.93,+/-4.21,0.0,+/-0.0,25.96,+/-1.52,0.0,46.5,53.5,0.0,0.0,0.0,1.15,4.21,0.0,1.52,9,0.7778,0.0,0.0
gpm5,GPM5,2026-07-09,11.17.05.2002,Bale Redelong,catchment_point,yes,4.767312077178135,96.94566692384144,Asia/Jakarta,Forecast Redelong representative point. BMKG ADM4 reference: 11.17.05.2002 (Bale Redelong). Initial BMKG reference for catchment point,15:00,7,6.78,cukup,"CMA,ECMWF,GFS,ICON,KMA,METEOFRANCE,UKMO",Berawan,72.3,Sedang,25.41,+/-0.69,65.54,+/-11.46,0.15,+/-0.2,25.41,+/-0.69,0.0,0.0,53.5,46.5,0.0,0.0,0.69,11.46,0.2,0.69,9,0.7778,0.0,0.0
gpm5,GPM5,2026-07-09,11.17.05.2002,Bale Redelong,catchment_point,yes,4.767312077178135,96.94566692384144,Asia/Jakarta,Forecast Redelong representative point. BMKG ADM4 reference: 11.17.05.2002 (Bale Redelong). Initial BMKG reference for catchment point,18:00,9,8.2725,cukup,"BMKG,CMA,ECMWF,GFS,ICON,KMA,METEOFRANCE,METNO,UKMO",Hujan Ringan,79.4,Sedang,21.13,+/-1.97,84.84,+/-5.25,0.09,+/-0.13,21.13,+/-1.97,20.5,23.6,20.3,35.7,0.0,0.0,1.97,5.25,0.13,1.97,9,1.0,20.0,120.0
gpm5,GPM5,2026-07-10,11.17.05.2002,Bale Redelong,catchment_point,yes,4.767312077178135,96.94566692384144,Asia/Jakarta,Forecast Redelong representative point. BMKG ADM4 reference: 11.17.05.2002 (Bale Redelong). Initial BMKG reference for catchment point,06:00,9,8.708,cukup,"BMKG,CMA,ECMWF,GFS,ICON,KMA,METEOFRANCE,METNO,UKMO",Berawan,83.0,Tinggi,15.36,+/-1.63,84.41,+/-8.4,0.0,+/-0.0,15.36,+/-1.63,10.9,44.0,45.1,0.0,0.0,0.0,1.63,8.4,0.0,1.63,9,1.0,6.67,60.0
gpm5,GPM5,2026-07-10,11.17.05.2002,Bale Redelong,catchment_point,yes,4.767312077178135,96.94566692384144,Asia/Jakarta,Forecast Redelong representative point. BMKG ADM4 reference: 11.17.05.2002 (Bale Redelong). Initial BMKG reference for catchment point,09:00,9,8.708,cukup,"BMKG,CMA,ECMWF,GFS,ICON,KMA,METEOFRANCE,METNO,UKMO",Cerah Berawan,83.9,Tinggi,21.78,+/-0.92,65.62,+/-6.89,0.0,+/-0.0,21.78,+/-0.92,20.7,46.8,32.5,0.0,0.0,0.0,0.92,6.89,0.0,0.92,9,1.0,6.67,60.0
gpm5,GPM5,2026-07-10,11.17.05.2002,Bale Redelong,catchment_point,yes,4.767312077178135,96.94566692384144,Asia/Jakarta,Forecast Redelong representative point. BMKG ADM4 reference: 11.17.05.2002 (Bale Redelong). Initial BMKG reference for catchment point,12:00,9,8.708,cukup,"BMKG,CMA,ECMWF,GFS,ICON,KMA,METEOFRANCE,METNO,UKMO",Berawan,83.3,Tinggi,25.7,+/-1.35,52.81,+/-6.84,0.0,+/-0.0,25.37,+/-1.14,11.1,43.7,45.1,0.0,0.0,0.0,1.35,6.84,0.0,1.14,9,1.0,6.67,60.0
gpm5,GPM5,2026-07-10,11.17.05.2002,Bale Redelong,catchment_point,yes,4.767312077178135,96.94566692384144,Asia/Jakarta,Forecast Redelong representative point. BMKG ADM4 reference: 11.17.05.2002 (Bale Redelong). Initial BMKG reference for catchment point,15:00,9,8.708,cukup,"BMKG,CMA,ECMWF,GFS,ICON,KMA,METEOFRANCE,METNO,UKMO",Cerah Berawan,80.2,Tinggi,25.03,+/-1.74,62.76,+/-12.3,0.13,+/-0.23,25.4,+/-2.32,0.0,35.9,30.8,33.3,0.0,0.0,1.74,12.3,0.23,2.32,9,1.0,6.67,60.0
gpm5,GPM5,2026-07-10,11.17.05.2002,Bale Redelong,catchment_point,yes,4.767312077178135,96.94566692384144,Asia/Jakarta,Forecast Redelong representative point. BMKG ADM4 reference: 11.17.05.2002 (Bale Redelong). Initial BMKG reference for catchment point,18:00,9,8.708,cukup,"BMKG,CMA,ECMWF,GFS,ICON,KMA,METEOFRANCE,METNO,UKMO",Cerah Berawan,81.5,Tinggi,21.73,+/-0.4,83.66,+/-6.89,0.1,+/-0.2,21.73,+/-0.4,11.1,36.8,18.1,33.9,0.0,0.0,0.4,6.89,0.2,0.4,9,1.0,6.67,60.0
gpm5,GPM5,2026-07-11,11.17.05.2002,Bale Redelong,catchment_point,yes,4.767312077178135,96.94566692384144,Asia/Jakarta,Forecast Redelong representative point. BMKG ADM4 reference: 11.17.05.2002 (Bale Redelong). Initial BMKG reference for catchment point,06:00,9,8.7376,cukup,"BMKG,CMA,ECMWF,GFS,ICON,KMA,METEOFRANCE,METNO,UKMO",Cerah Berawan,86.2,Tinggi,15.91,+/-1.71,91.58,+/-4.5,0.0,+/-0.0,15.91,+/-1.71,12.0,56.7,31.2,0.0,0.0,0.0,1.71,4.5,0.0,1.71,9,1.0,6.67,60.0
gpm5,GPM5,2026-07-11,11.17.05.2002,Bale Redelong,catchment_point,yes,4.767312077178135,96.94566692384144,Asia/Jakarta,Forecast Redelong representative point. BMKG ADM4 reference: 11.17.05.2002 (Bale Redelong). Initial BMKG reference for catchment point,09:00,9,8.7376,cukup,"BMKG,CMA,ECMWF,GFS,ICON,KMA,METEOFRANCE,METNO,UKMO",Berawan,83.4,Tinggi,22.11,+/-0.79,70.26,+/-6.6,0.0,+/-0.0,22.11,+/-0.79,23.3,32.3,44.4,0.0,0.0,0.0,0.79,6.6,0.0,0.79,9,1.0,6.67,60.0
gpm5,GPM5,2026-07-11,11.17.05.2002,Bale Redelong,catchment_point,yes,4.767312077178135,96.94566692384144,Asia/Jakarta,Forecast Redelong representative point. BMKG ADM4 reference: 11.17.05.2002 (Bale Redelong). Initial BMKG reference for catchment point,12:00,9,8.7376,cukup,"BMKG,CMA,ECMWF,GFS,ICON,KMA,METEOFRANCE,METNO,UKMO",Cerah Berawan,86.2,Tinggi,26.01,+/-1.57,53.29,+/-10.29,0.0,+/-0.0,26.32,+/-2.07,11.3,58.1,30.7,0.0,0.0,0.0,1.57,10.29,0.0,2.07,9,1.0,6.67,60.0
gpm5,GPM5,2026-07-11,11.17.05.2002,Bale Redelong,catchment_point,yes,4.767312077178135,96.94566692384144,Asia/Jakarta,Forecast Redelong representative point. BMKG ADM4 reference: 11.17.05.2002 (Bale Redelong). Initial BMKG reference for catchment point,15:00,9,8.7376,cukup,"BMKG,CMA,ECMWF,GFS,ICON,KMA,METEOFRANCE,METNO,UKMO",Cerah Berawan,87.2,Tinggi,26.62,+/-0.12,52.73,+/-4.57,0.08,+/-0.21,25.95,+/-1.36,22.1,58.1,7.2,12.6,0.0,0.0,0.12,4.57,0.21,1.36,9,1.0,6.67,60.0
gpm5,GPM5,2026-07-11,11.17.05.2002,Bale Redelong,catchment_point,yes,4.767312077178135,96.94566692384144,Asia/Jakarta,Forecast Redelong representative point. BMKG ADM4 reference: 11.17.05.2002 (Bale Redelong). Initial BMKG reference for catchment point,18:00,9,8.7376,cukup,"BMKG,CMA,ECMWF,GFS,ICON,KMA,METEOFRANCE,METNO,UKMO",Cerah Berawan,84.2,Tinggi,21.71,+/-1.45,74.48,+/-2.12,0.03,+/-0.07,21.71,+/-1.45,22.7,47.8,16.9,12.6,0.0,0.0,1.45,2.12,0.07,1.45,9,1.0,6.67,60.0
gpm6,GPM6,2026-07-09,11.17.05.2002,Bale Redelong,catchment_point,yes,4.796061970712406,97.0098682419131,Asia/Jakarta,Forecast Redelong representative point. BMKG ADM4 reference: 11.17.05.2002 (Bale Redelong). Initial BMKG reference for catchment point,06:00,7,6.78,cukup,"CMA,ECMWF,GFS,ICON,KMA,METEOFRANCE,UKMO",Berawan,76.3,Sedang,14.21,+/-1.68,83.56,+/-8.01,0.0,+/-0.0,14.21,+/-1.68,12.5,17.7,69.8,0.0,0.0,0.0,1.68,8.01,0.0,1.68,9,0.7778,0.0,0.0
gpm6,GPM6,2026-07-09,11.17.05.2002,Bale Redelong,catchment_point,yes,4.796061970712406,97.0098682419131,Asia/Jakarta,Forecast Redelong representative point. BMKG ADM4 reference: 11.17.05.2002 (Bale Redelong). Initial BMKG reference for catchment point,09:00,7,6.78,cukup,"CMA,ECMWF,GFS,ICON,KMA,METEOFRANCE,UKMO",Berawan,72.7,Sedang,19.33,+/-1.12,66.52,+/-7.17,0.0,+/-0.0,19.33,+/-1.12,0.0,45.7,54.3,0.0,0.0,0.0,1.12,7.17,0.0,1.12,9,0.7778,0.0,0.0
gpm6,GPM6,2026-07-09,11.17.05.2002,Bale Redelong,catchment_point,yes,4.796061970712406,97.0098682419131,Asia/Jakarta,Forecast Redelong representative point. BMKG ADM4 reference: 11.17.05.2002 (Bale Redelong). Initial BMKG reference for catchment point,12:00,7,6.78,cukup,"CMA,ECMWF,GFS,ICON,KMA,METEOFRANCE,UKMO",Berawan,73.2,Sedang,22.54,+/-0.42,53.41,+/-3.35,0.0,+/-0.0,22.54,+/-0.42,0.0,46.5,53.5,0.0,0.0,0.0,0.42,3.35,0.0,0.42,9,0.7778,0.0,0.0
gpm6,GPM6,2026-07-09,11.17.05.2002,Bale Redelong,catchment_point,yes,4.796061970712406,97.0098682419131,Asia/Jakarta,Forecast Redelong representative point. BMKG ADM4 reference: 11.17.05.2002 (Bale Redelong). Initial BMKG reference for catchment point,15:00,7,6.78,cukup,"CMA,ECMWF,GFS,ICON,KMA,METEOFRANCE,UKMO",Berawan,72.6,Sedang,22.29,+/-0.14,66.35,+/-10.46,0.15,+/-0.2,22.29,+/-0.14,0.0,0.0,53.5,46.5,0.0,0.0,0.14,10.46,0.2,0.14,9,0.7778,0.0,0.0
gpm6,GPM6,2026-07-09,11.17.05.2002,Bale Redelong,catchment_point,yes,4.796061970712406,97.0098682419131,Asia/Jakarta,Forecast Redelong representative point. BMKG ADM4 reference: 11.17.05.2002 (Bale Redelong). Initial BMKG reference for catchment point,18:00,9,8.2725,cukup,"BMKG,CMA,ECMWF,GFS,ICON,KMA,METEOFRANCE,METNO,UKMO",Hujan Ringan,79.6,Sedang,18.62,+/-1.52,86.52,+/-5.27,0.16,+/-0.25,18.62,+/-1.52,20.5,14.5,29.4,35.7,0.0,0.0,1.52,5.27,0.25,1.52,9,1.0,20.0,120.0
gpm6,GPM6,2026-07-10,11.17.05.2002,Bale Redelong,catchment_point,yes,4.796061970712406,97.0098682419131,Asia/Jakarta,Forecast Redelong representative point. BMKG ADM4 reference: 11.17.05.2002 (Bale Redelong). Initial BMKG reference for catchment point,06:00,9,8.708,cukup,"BMKG,CMA,ECMWF,GFS,ICON,KMA,METEOFRANCE,METNO,UKMO",Berawan,83.0,Tinggi,12.78,+/-1.68,86.11,+/-7.55,0.0,+/-0.0,12.78,+/-1.68,10.9,44.0,45.1,0.0,0.0,0.0,1.68,7.55,0.0,1.68,9,1.0,6.67,60.0
gpm6,GPM6,2026-07-10,11.17.05.2002,Bale Redelong,catchment_point,yes,4.796061970712406,97.0098682419131,Asia/Jakarta,Forecast Redelong representative point. BMKG ADM4 reference: 11.17.05.2002 (Bale Redelong). Initial BMKG reference for catchment point,09:00,9,8.708,cukup,"BMKG,CMA,ECMWF,GFS,ICON,KMA,METEOFRANCE,METNO,UKMO",Cerah Berawan,84.3,Tinggi,19.33,+/-0.66,63.96,+/-3.47,0.0,+/-0.0,19.33,+/-0.66,20.7,46.8,32.5,0.0,0.0,0.0,0.66,3.47,0.0,0.66,9,1.0,6.67,60.0
gpm6,GPM6,2026-07-10,11.17.05.2002,Bale Redelong,catchment_point,yes,4.796061970712406,97.0098682419131,Asia/Jakarta,Forecast Redelong representative point. BMKG ADM4 reference: 11.17.05.2002 (Bale Redelong). Initial BMKG reference for catchment point,12:00,9,8.708,cukup,"BMKG,CMA,ECMWF,GFS,ICON,KMA,METEOFRANCE,METNO,UKMO",Berawan,83.7,Tinggi,23.06,+/-0.47,53.26,+/-6.19,0.0,+/-0.0,23.06,+/-0.47,11.1,43.7,45.1,0.0,0.0,0.0,0.47,6.19,0.0,0.47,9,1.0,6.67,60.0
gpm6,GPM6,2026-07-10,11.17.05.2002,Bale Redelong,catchment_point,yes,4.796061970712406,97.0098682419131,Asia/Jakarta,Forecast Redelong representative point. BMKG ADM4 reference: 11.17.05.2002 (Bale Redelong). Initial BMKG reference for catchment point,15:00,9,8.708,cukup,"BMKG,CMA,ECMWF,GFS,ICON,KMA,METEOFRANCE,METNO,UKMO",Cerah Berawan,80.8,Tinggi,23.28,+/-0.68,63.76,+/-11.26,0.13,+/-0.23,23.28,+/-0.68,0.0,35.9,30.8,33.3,0.0,0.0,0.68,11.26,0.23,0.68,9,1.0,6.67,60.0
gpm6,GPM6,2026-07-10,11.17.05.2002,Bale Redelong,catchment_point,yes,4.796061970712406,97.0098682419131,Asia/Jakarta,Forecast Redelong representative point. BMKG ADM4 reference: 11.17.05.2002 (Bale Redelong). Initial BMKG reference for catchment point,18:00,9,8.708,cukup,"BMKG,CMA,ECMWF,GFS,ICON,KMA,METEOFRANCE,METNO,UKMO",Cerah Berawan,81.0,Tinggi,19.34,+/-1.39,84.54,+/-7.04,0.13,+/-0.21,19.34,+/-1.39,11.1,36.8,18.1,33.9,0.0,0.0,1.39,7.04,0.21,1.39,9,1.0,6.67,60.0
gpm6,GPM6,2026-07-11,11.17.05.2002,Bale Redelong,catchment_point,yes,4.796061970712406,97.0098682419131,Asia/Jakarta,Forecast Redelong representative point. BMKG ADM4 reference: 11.17.05.2002 (Bale Redelong). Initial BMKG reference for catchment point,06:00,9,8.7376,cukup,"BMKG,CMA,ECMWF,GFS,ICON,KMA,METEOFRANCE,METNO,UKMO",Cerah Berawan,86.5,Tinggi,13.06,+/-1.25,91.52,+/-4.51,0.0,+/-0.0,13.06,+/-1.25,12.0,56.7,31.2,0.0,0.0,0.0,1.25,4.51,0.0,1.25,9,1.0,6.67,60.0
gpm6,GPM6,2026-07-11,11.17.05.2002,Bale Redelong,catchment_point,yes,4.796061970712406,97.0098682419131,Asia/Jakarta,Forecast Redelong representative point. BMKG ADM4 reference: 11.17.05.2002 (Bale Redelong). Initial BMKG reference for catchment point,09:00,9,8.7376,cukup,"BMKG,CMA,ECMWF,GFS,ICON,KMA,METEOFRANCE,METNO,UKMO",Berawan,86.3,Tinggi,19.42,+/-0.76,70.02,+/-6.79,0.0,+/-0.0,19.42,+/-0.76,23.3,20.9,55.9,0.0,0.0,0.0,0.76,6.79,0.0,0.76,9,1.0,6.67,60.0
gpm6,GPM6,2026-07-11,11.17.05.2002,Bale Redelong,catchment_point,yes,4.796061970712406,97.0098682419131,Asia/Jakarta,Forecast Redelong representative point. BMKG ADM4 reference: 11.17.05.2002 (Bale Redelong). Initial BMKG reference for catchment point,12:00,9,8.7376,cukup,"BMKG,CMA,ECMWF,GFS,ICON,KMA,METEOFRANCE,METNO,UKMO",Cerah Berawan,83.6,Tinggi,23.82,+/-1.02,52.16,+/-10.77,0.0,+/-0.0,23.82,+/-1.02,11.3,46.6,42.1,0.0,0.0,0.0,1.02,10.77,0.0,1.02,9,1.0,6.67,60.0
gpm6,GPM6,2026-07-11,11.17.05.2002,Bale Redelong,catchment_point,yes,4.796061970712406,97.0098682419131,Asia/Jakarta,Forecast Redelong representative point. BMKG ADM4 reference: 11.17.05.2002 (Bale Redelong). Initial BMKG reference for catchment point,15:00,9,8.7376,cukup,"BMKG,CMA,ECMWF,GFS,ICON,KMA,METEOFRANCE,METNO,UKMO",Cerah Berawan,84.1,Tinggi,23.82,+/-0.37,53.02,+/-5.66,0.12,+/-0.21,23.82,+/-0.37,22.1,46.6,7.2,24.0,0.0,0.0,0.37,5.66,0.21,0.37,9,1.0,6.67,60.0
gpm6,GPM6,2026-07-11,11.17.05.2002,Bale Redelong,catchment_point,yes,4.796061970712406,97.0098682419131,Asia/Jakarta,Forecast Redelong representative point. BMKG ADM4 reference: 11.17.05.2002 (Bale Redelong). Initial BMKG reference for catchment point,18:00,9,8.7376,cukup,"BMKG,CMA,ECMWF,GFS,ICON,KMA,METEOFRANCE,METNO,UKMO",Cerah Berawan,83.9,Tinggi,19.35,+/-1.37,79.72,+/-7.3,0.06,+/-0.11,19.35,+/-1.37,11.3,47.8,16.9,24.0,0.0,0.0,1.37,7.3,0.11,1.37,9,1.0,6.67,60.0
gpm_grid_tamatue,GPM Grid TamaTue,2026-07-09,11.17.05.2002,Bale Redelong,catchment_point,yes,4.649902718619309,96.85017949357464,Asia/Jakarta,Forecast Redelong representative point. BMKG ADM4 reference: 11.17.05.2002 (Bale Redelong). Initial BMKG reference for catchment grid,06:00,7,6.78,cukup,"CMA,ECMWF,GFS,ICON,KMA,METEOFRANCE,UKMO",Berawan,81.1,Tinggi,16.37,+/-1.42,87.62,+/-4.24,0.0,+/-0.0,16.37,+/-1.42,12.5,0.0,87.5,0.0,0.0,0.0,1.42,4.24,0.0,1.42,9,0.7778,0.0,0.0
gpm_grid_tamatue,GPM Grid TamaTue,2026-07-09,11.17.05.2002,Bale Redelong,catchment_point,yes,4.649902718619309,96.85017949357464,Asia/Jakarta,Forecast Redelong representative point. BMKG ADM4 reference: 11.17.05.2002 (Bale Redelong). Initial BMKG reference for catchment grid,09:00,7,6.78,cukup,"CMA,ECMWF,GFS,ICON,KMA,METEOFRANCE,UKMO",Berawan,72.8,Sedang,21.15,+/-1.08,68.13,+/-7.01,0.0,+/-0.0,21.15,+/-1.08,0.0,45.7,54.3,0.0,0.0,0.0,1.08,7.01,0.0,1.08,9,0.7778,0.0,0.0
gpm_grid_tamatue,GPM Grid TamaTue,2026-07-09,11.17.05.2002,Bale Redelong,catchment_point,yes,4.649902718619309,96.85017949357464,Asia/Jakarta,Forecast Redelong representative point. BMKG ADM4 reference: 11.17.05.2002 (Bale Redelong). Initial BMKG reference for catchment grid,12:00,7,6.78,cukup,"CMA,ECMWF,GFS,ICON,KMA,METEOFRANCE,UKMO",Berawan,76.8,Sedang,24.94,+/-0.47,53.57,+/-8.68,0.0,+/-0.0,24.94,+/-0.47,12.5,17.7,69.8,0.0,0.0,0.0,0.47,8.68,0.0,0.47,9,0.7778,0.0,0.0
gpm_grid_tamatue,GPM Grid TamaTue,2026-07-09,11.17.05.2002,Bale Redelong,catchment_point,yes,4.649902718619309,96.85017949357464,Asia/Jakarta,Forecast Redelong representative point. BMKG ADM4 reference: 11.17.05.2002 (Bale Redelong). Initial BMKG reference for catchment grid,15:00,7,6.78,cukup,"CMA,ECMWF,GFS,ICON,KMA,METEOFRANCE,UKMO",Berawan,73.2,Sedang,25.47,+/-0.83,56.48,+/-6.33,0.08,+/-0.1,25.47,+/-0.83,0.0,0.0,55.8,44.2,0.0,0.0,0.83,6.33,0.1,0.83,9,0.7778,0.0,0.0
gpm_grid_tamatue,GPM Grid TamaTue,2026-07-09,11.17.05.2002,Bale Redelong,catchment_point,yes,4.649902718619309,96.85017949357464,Asia/Jakarta,Forecast Redelong representative point. BMKG ADM4 reference: 11.17.05.2002 (Bale Redelong). Initial BMKG reference for catchment grid,18:00,9,8.2725,cukup,"BMKG,CMA,ECMWF,GFS,ICON,KMA,METEOFRANCE,METNO,UKMO",Cerah Berawan,79.3,Sedang,21.42,+/-1.77,77.82,+/-6.73,0.09,+/-0.25,21.42,+/-1.77,20.5,35.7,33.6,10.3,0.0,0.0,1.77,6.73,0.25,1.77,9,1.0,20.0,120.0
gpm_grid_tamatue,GPM Grid TamaTue,2026-07-10,11.17.05.2002,Bale Redelong,catchment_point,yes,4.649902718619309,96.85017949357464,Asia/Jakarta,Forecast Redelong representative point. BMKG ADM4 reference: 11.17.05.2002 (Bale Redelong). Initial BMKG reference for catchment grid,06:00,9,8.708,cukup,"BMKG,CMA,ECMWF,GFS,ICON,KMA,METEOFRANCE,METNO,UKMO",Berawan,85.9,Tinggi,15.52,+/-1.54,88.1,+/-7.51,0.0,+/-0.0,15.52,+/-1.54,10.9,33.0,56.1,0.0,0.0,0.0,1.54,7.51,0.0,1.54,9,1.0,6.67,60.0
gpm_grid_tamatue,GPM Grid TamaTue,2026-07-10,11.17.05.2002,Bale Redelong,catchment_point,yes,4.649902718619309,96.85017949357464,Asia/Jakarta,Forecast Redelong representative point. BMKG ADM4 reference: 11.17.05.2002 (Bale Redelong). Initial BMKG reference for catchment grid,09:00,9,8.708,cukup,"BMKG,CMA,ECMWF,GFS,ICON,KMA,METEOFRANCE,METNO,UKMO",Berawan,83.5,Tinggi,21.2,+/-0.9,67.34,+/-6.37,0.0,+/-0.0,21.2,+/-0.9,32.7,22.1,45.1,0.0,0.0,0.0,0.9,6.37,0.0,0.9,9,1.0,6.67,60.0
gpm_grid_tamatue,GPM Grid TamaTue,2026-07-10,11.17.05.2002,Bale Redelong,catchment_point,yes,4.649902718619309,96.85017949357464,Asia/Jakarta,Forecast Redelong representative point. BMKG ADM4 reference: 11.17.05.2002 (Bale Redelong). Initial BMKG reference for catchment grid,12:00,9,8.708,cukup,"BMKG,CMA,ECMWF,GFS,ICON,KMA,METEOFRANCE,METNO,UKMO",Berawan,83.6,Tinggi,25.47,+/-1.15,56.37,+/-3.12,0.0,+/-0.0,25.47,+/-1.15,11.1,43.7,45.1,0.0,0.0,0.0,1.15,3.12,0.0,1.15,9,1.0,6.67,60.0
gpm_grid_tamatue,GPM Grid TamaTue,2026-07-10,11.17.05.2002,Bale Redelong,catchment_point,yes,4.649902718619309,96.85017949357464,Asia/Jakarta,Forecast Redelong representative point. BMKG ADM4 reference: 11.17.05.2002 (Bale Redelong). Initial BMKG reference for catchment grid,15:00,9,8.708,cukup,"BMKG,CMA,ECMWF,GFS,ICON,KMA,METEOFRANCE,METNO,UKMO",Cerah Berawan,83.7,Tinggi,25.69,+/-1.33,54.07,+/-6.54,0.01,+/-0.03,25.84,+/-1.5,0.0,46.8,42.3,10.9,0.0,0.0,1.33,6.54,0.03,1.5,9,1.0,6.67,60.0
gpm_grid_tamatue,GPM Grid TamaTue,2026-07-10,11.17.05.2002,Bale Redelong,catchment_point,yes,4.649902718619309,96.85017949357464,Asia/Jakarta,Forecast Redelong representative point. BMKG ADM4 reference: 11.17.05.2002 (Bale Redelong). Initial BMKG reference for catchment grid,18:00,9,8.708,cukup,"BMKG,CMA,ECMWF,GFS,ICON,KMA,METEOFRANCE,METNO,UKMO",Berawan,82.8,Tinggi,22.39,+/-1.14,74.2,+/-3.71,0.17,+/-0.46,22.39,+/-1.14,11.1,24.8,43.4,20.7,0.0,0.0,1.14,3.71,0.46,1.14,9,1.0,6.67,60.0
gpm_grid_tamatue,GPM Grid TamaTue,2026-07-11,11.17.05.2002,Bale Redelong,catchment_point,yes,4.649902718619309,96.85017949357464,Asia/Jakarta,Forecast Redelong representative point. BMKG ADM4 reference: 11.17.05.2002 (Bale Redelong). Initial BMKG reference for catchment grid,06:00,9,8.7376,cukup,"BMKG,CMA,ECMWF,GFS,ICON,KMA,METEOFRANCE,METNO,UKMO",Berawan,88.7,Tinggi,15.98,+/-1.57,95.21,+/-2.37,0.0,+/-0.0,15.98,+/-1.57,12.0,22.1,65.8,0.0,0.0,0.0,1.57,2.37,0.0,1.57,9,1.0,6.67,60.0
gpm_grid_tamatue,GPM Grid TamaTue,2026-07-11,11.17.05.2002,Bale Redelong,catchment_point,yes,4.649902718619309,96.85017949357464,Asia/Jakarta,Forecast Redelong representative point. BMKG ADM4 reference: 11.17.05.2002 (Bale Redelong). Initial BMKG reference for catchment grid,09:00,9,8.7376,cukup,"BMKG,CMA,ECMWF,GFS,ICON,KMA,METEOFRANCE,METNO,UKMO",Berawan,83.3,Tinggi,21.0,+/-1.09,74.05,+/-7.22,0.0,+/-0.0,21.0,+/-1.09,23.3,32.3,44.4,0.0,0.0,0.0,1.09,7.22,0.0,1.09,9,1.0,6.67,60.0
gpm_grid_tamatue,GPM Grid TamaTue,2026-07-11,11.17.05.2002,Bale Redelong,catchment_point,yes,4.649902718619309,96.85017949357464,Asia/Jakarta,Forecast Redelong representative point. BMKG ADM4 reference: 11.17.05.2002 (Bale Redelong). Initial BMKG reference for catchment grid,12:00,9,8.7376,cukup,"BMKG,CMA,ECMWF,GFS,ICON,KMA,METEOFRANCE,METNO,UKMO",Cerah Berawan,86.6,Tinggi,25.21,+/-1.05,58.41,+/-5.97,0.0,+/-0.0,25.21,+/-1.05,11.3,57.5,31.2,0.0,0.0,0.0,1.05,5.97,0.0,1.05,9,1.0,6.67,60.0
gpm_grid_tamatue,GPM Grid TamaTue,2026-07-11,11.17.05.2002,Bale Redelong,catchment_point,yes,4.649902718619309,96.85017949357464,Asia/Jakarta,Forecast Redelong representative point. BMKG ADM4 reference: 11.17.05.2002 (Bale Redelong). Initial BMKG reference for catchment grid,15:00,9,8.7376,cukup,"BMKG,CMA,ECMWF,GFS,ICON,KMA,METEOFRANCE,METNO,UKMO",Cerah Berawan,84.2,Tinggi,25.3,+/-1.13,55.1,+/-2.23,0.0,+/-0.0,25.3,+/-1.13,33.6,46.6,19.8,0.0,0.0,0.0,1.13,2.23,0.0,1.13,9,1.0,6.67,60.0
gpm_grid_tamatue,GPM Grid TamaTue,2026-07-11,11.17.05.2002,Bale Redelong,catchment_point,yes,4.649902718619309,96.85017949357464,Asia/Jakarta,Forecast Redelong representative point. BMKG ADM4 reference: 11.17.05.2002 (Bale Redelong). Initial BMKG reference for catchment grid,18:00,9,8.7376,cukup,"BMKG,CMA,ECMWF,GFS,ICON,KMA,METEOFRANCE,METNO,UKMO",Cerah Berawan,83.3,Tinggi,21.7,+/-1.29,73.41,+/-2.76,0.0,+/-0.0,21.7,+/-1.29,22.7,43.8,33.5,0.0,0.0,0.0,1.29,2.76,0.0,1.29,9,1.0,6.67,60.0
