location_slug,location_name,target_date,adm4,bmkg_point_name,area_level,is_proxy_bmkg,latitude,longitude,timezone,location_note,tanggal,source_id,provider,success,base_weight,health_factor,effective_base_weight,points_collected,target_points,http_status,duration_ms,error_content_type,error_snippet,payload_saved_path,error
plta_redelong,PLTA Redelong,2026-07-08,11.17.05.2002,Bale Redelong,catchment_point,yes,4.748139,96.977344,Asia/Jakarta,Forecast Redelong representative point. BMKG ADM4 reference: 11.17.05.2002 (Bale Redelong). Initial BMKG reference for Forecast Redelong,08-07-2026,BMKG,BMKG,yes,1.35,1.0,1.35,3,5,200,908,,,,
plta_redelong,PLTA Redelong,2026-07-08,11.17.05.2002,Bale Redelong,catchment_point,yes,4.748139,96.977344,Asia/Jakarta,Forecast Redelong representative point. BMKG ADM4 reference: 11.17.05.2002 (Bale Redelong). Initial BMKG reference for Forecast Redelong,08-07-2026,CMA,Open-Meteo / CMA GRAPES,yes,0.85,1.0,0.85,5,5,200,702,,,,
plta_redelong,PLTA Redelong,2026-07-08,11.17.05.2002,Bale Redelong,catchment_point,yes,4.748139,96.977344,Asia/Jakarta,Forecast Redelong representative point. BMKG ADM4 reference: 11.17.05.2002 (Bale Redelong). Initial BMKG reference for Forecast Redelong,08-07-2026,ECMWF,Open-Meteo / ECMWF,yes,1.2,1.0,1.2,5,5,200,673,,,,
plta_redelong,PLTA Redelong,2026-07-08,11.17.05.2002,Bale Redelong,catchment_point,yes,4.748139,96.977344,Asia/Jakarta,Forecast Redelong representative point. BMKG ADM4 reference: 11.17.05.2002 (Bale Redelong). Initial BMKG reference for Forecast Redelong,08-07-2026,GFS,Open-Meteo / NOAA GFS,yes,1.0,1.0,1.0,5,5,200,542,,,,
plta_redelong,PLTA Redelong,2026-07-08,11.17.05.2002,Bale Redelong,catchment_point,yes,4.748139,96.977344,Asia/Jakarta,Forecast Redelong representative point. BMKG ADM4 reference: 11.17.05.2002 (Bale Redelong). Initial BMKG reference for Forecast Redelong,08-07-2026,ICON,Open-Meteo / DWD ICON,yes,1.05,1.0,1.05,5,5,200,508,,,,
plta_redelong,PLTA Redelong,2026-07-08,11.17.05.2002,Bale Redelong,catchment_point,yes,4.748139,96.977344,Asia/Jakarta,Forecast Redelong representative point. BMKG ADM4 reference: 11.17.05.2002 (Bale Redelong). Initial BMKG reference for Forecast Redelong,08-07-2026,KMA,Open-Meteo / KMA,yes,0.9,1.0,0.9,5,5,200,678,,,,
plta_redelong,PLTA Redelong,2026-07-08,11.17.05.2002,Bale Redelong,catchment_point,yes,4.748139,96.977344,Asia/Jakarta,Forecast Redelong representative point. BMKG ADM4 reference: 11.17.05.2002 (Bale Redelong). Initial BMKG reference for Forecast Redelong,08-07-2026,METEOFRANCE,Open-Meteo / Meteo-France,yes,1.1,1.0,1.1,5,5,200,564,,,,
plta_redelong,PLTA Redelong,2026-07-08,11.17.05.2002,Bale Redelong,catchment_point,yes,4.748139,96.977344,Asia/Jakarta,Forecast Redelong representative point. BMKG ADM4 reference: 11.17.05.2002 (Bale Redelong). Initial BMKG reference for Forecast Redelong,08-07-2026,METNO,MET Norway,yes,1.0,1.0,1.0,3,5,200,532,,,,
plta_redelong,PLTA Redelong,2026-07-08,11.17.05.2002,Bale Redelong,catchment_point,yes,4.748139,96.977344,Asia/Jakarta,Forecast Redelong representative point. BMKG ADM4 reference: 11.17.05.2002 (Bale Redelong). Initial BMKG reference for Forecast Redelong,08-07-2026,UKMO,Open-Meteo / UK Met Office,yes,0.95,1.0,0.95,5,5,200,508,,,,
plta_redelong,PLTA Redelong,2026-07-09,11.17.05.2002,Bale Redelong,catchment_point,yes,4.748139,96.977344,Asia/Jakarta,Forecast Redelong representative point. BMKG ADM4 reference: 11.17.05.2002 (Bale Redelong). Initial BMKG reference for Forecast Redelong,09-07-2026,BMKG,BMKG,yes,1.35,0.979,1.3216,5,5,200,69,,,,
plta_redelong,PLTA Redelong,2026-07-09,11.17.05.2002,Bale Redelong,catchment_point,yes,4.748139,96.977344,Asia/Jakarta,Forecast Redelong representative point. BMKG ADM4 reference: 11.17.05.2002 (Bale Redelong). Initial BMKG reference for Forecast Redelong,09-07-2026,CMA,Open-Meteo / CMA GRAPES,yes,0.85,1.0,0.85,5,5,200,504,,,,
plta_redelong,PLTA Redelong,2026-07-09,11.17.05.2002,Bale Redelong,catchment_point,yes,4.748139,96.977344,Asia/Jakarta,Forecast Redelong representative point. BMKG ADM4 reference: 11.17.05.2002 (Bale Redelong). Initial BMKG reference for Forecast Redelong,09-07-2026,ECMWF,Open-Meteo / ECMWF,yes,1.2,1.0,1.2,5,5,200,613,,,,
plta_redelong,PLTA Redelong,2026-07-09,11.17.05.2002,Bale Redelong,catchment_point,yes,4.748139,96.977344,Asia/Jakarta,Forecast Redelong representative point. BMKG ADM4 reference: 11.17.05.2002 (Bale Redelong). Initial BMKG reference for Forecast Redelong,09-07-2026,GFS,Open-Meteo / NOAA GFS,yes,1.0,1.0,1.0,5,5,200,753,,,,
plta_redelong,PLTA Redelong,2026-07-09,11.17.05.2002,Bale Redelong,catchment_point,yes,4.748139,96.977344,Asia/Jakarta,Forecast Redelong representative point. BMKG ADM4 reference: 11.17.05.2002 (Bale Redelong). Initial BMKG reference for Forecast Redelong,09-07-2026,ICON,Open-Meteo / DWD ICON,yes,1.05,1.0,1.05,5,5,200,561,,,,
plta_redelong,PLTA Redelong,2026-07-09,11.17.05.2002,Bale Redelong,catchment_point,yes,4.748139,96.977344,Asia/Jakarta,Forecast Redelong representative point. BMKG ADM4 reference: 11.17.05.2002 (Bale Redelong). Initial BMKG reference for Forecast Redelong,09-07-2026,KMA,Open-Meteo / KMA,yes,0.9,1.0,0.9,5,5,200,509,,,,
plta_redelong,PLTA Redelong,2026-07-09,11.17.05.2002,Bale Redelong,catchment_point,yes,4.748139,96.977344,Asia/Jakarta,Forecast Redelong representative point. BMKG ADM4 reference: 11.17.05.2002 (Bale Redelong). Initial BMKG reference for Forecast Redelong,09-07-2026,METEOFRANCE,Open-Meteo / Meteo-France,yes,1.1,1.0,1.1,5,5,200,720,,,,
plta_redelong,PLTA Redelong,2026-07-09,11.17.05.2002,Bale Redelong,catchment_point,yes,4.748139,96.977344,Asia/Jakarta,Forecast Redelong representative point. BMKG ADM4 reference: 11.17.05.2002 (Bale Redelong). Initial BMKG reference for Forecast Redelong,09-07-2026,METNO,MET Norway,yes,1.0,0.979,0.979,5,5,200,483,,,,
plta_redelong,PLTA Redelong,2026-07-09,11.17.05.2002,Bale Redelong,catchment_point,yes,4.748139,96.977344,Asia/Jakarta,Forecast Redelong representative point. BMKG ADM4 reference: 11.17.05.2002 (Bale Redelong). Initial BMKG reference for Forecast Redelong,09-07-2026,UKMO,Open-Meteo / UK Met Office,yes,0.95,1.0,0.95,5,5,200,503,,,,
plta_redelong,PLTA Redelong,2026-07-10,11.17.05.2002,Bale Redelong,catchment_point,yes,4.748139,96.977344,Asia/Jakarta,Forecast Redelong representative point. BMKG ADM4 reference: 11.17.05.2002 (Bale Redelong). Initial BMKG reference for Forecast Redelong,10-07-2026,BMKG,BMKG,yes,1.35,0.9864,1.3316,5,5,200,72,,,,
plta_redelong,PLTA Redelong,2026-07-10,11.17.05.2002,Bale Redelong,catchment_point,yes,4.748139,96.977344,Asia/Jakarta,Forecast Redelong representative point. BMKG ADM4 reference: 11.17.05.2002 (Bale Redelong). Initial BMKG reference for Forecast Redelong,10-07-2026,CMA,Open-Meteo / CMA GRAPES,yes,0.85,1.0,0.85,5,5,200,793,,,,
plta_redelong,PLTA Redelong,2026-07-10,11.17.05.2002,Bale Redelong,catchment_point,yes,4.748139,96.977344,Asia/Jakarta,Forecast Redelong representative point. BMKG ADM4 reference: 11.17.05.2002 (Bale Redelong). Initial BMKG reference for Forecast Redelong,10-07-2026,ECMWF,Open-Meteo / ECMWF,yes,1.2,1.0,1.2,5,5,200,517,,,,
plta_redelong,PLTA Redelong,2026-07-10,11.17.05.2002,Bale Redelong,catchment_point,yes,4.748139,96.977344,Asia/Jakarta,Forecast Redelong representative point. BMKG ADM4 reference: 11.17.05.2002 (Bale Redelong). Initial BMKG reference for Forecast Redelong,10-07-2026,GFS,Open-Meteo / NOAA GFS,yes,1.0,1.0,1.0,5,5,200,564,,,,
plta_redelong,PLTA Redelong,2026-07-10,11.17.05.2002,Bale Redelong,catchment_point,yes,4.748139,96.977344,Asia/Jakarta,Forecast Redelong representative point. BMKG ADM4 reference: 11.17.05.2002 (Bale Redelong). Initial BMKG reference for Forecast Redelong,10-07-2026,ICON,Open-Meteo / DWD ICON,yes,1.05,1.0,1.05,5,5,200,516,,,,
plta_redelong,PLTA Redelong,2026-07-10,11.17.05.2002,Bale Redelong,catchment_point,yes,4.748139,96.977344,Asia/Jakarta,Forecast Redelong representative point. BMKG ADM4 reference: 11.17.05.2002 (Bale Redelong). Initial BMKG reference for Forecast Redelong,10-07-2026,KMA,Open-Meteo / KMA,yes,0.9,1.0,0.9,5,5,200,530,,,,
plta_redelong,PLTA Redelong,2026-07-10,11.17.05.2002,Bale Redelong,catchment_point,yes,4.748139,96.977344,Asia/Jakarta,Forecast Redelong representative point. BMKG ADM4 reference: 11.17.05.2002 (Bale Redelong). Initial BMKG reference for Forecast Redelong,10-07-2026,METEOFRANCE,Open-Meteo / Meteo-France,yes,1.1,1.0,1.1,5,5,200,561,,,,
plta_redelong,PLTA Redelong,2026-07-10,11.17.05.2002,Bale Redelong,catchment_point,yes,4.748139,96.977344,Asia/Jakarta,Forecast Redelong representative point. BMKG ADM4 reference: 11.17.05.2002 (Bale Redelong). Initial BMKG reference for Forecast Redelong,10-07-2026,METNO,MET Norway,yes,1.0,0.9864,0.9864,5,5,200,598,,,,
plta_redelong,PLTA Redelong,2026-07-10,11.17.05.2002,Bale Redelong,catchment_point,yes,4.748139,96.977344,Asia/Jakarta,Forecast Redelong representative point. BMKG ADM4 reference: 11.17.05.2002 (Bale Redelong). Initial BMKG reference for Forecast Redelong,10-07-2026,UKMO,Open-Meteo / UK Met Office,yes,0.95,1.0,0.95,5,5,200,849,,,,
gpm1,GPM1,2026-07-08,11.17.05.2002,Bale Redelong,catchment_point,yes,4.81572033808049,96.877105410688,Asia/Jakarta,Forecast Redelong representative point. BMKG ADM4 reference: 11.17.05.2002 (Bale Redelong). Initial BMKG reference for catchment point,08-07-2026,BMKG,BMKG,yes,1.35,1.0,1.35,3,5,200,61,,,,
gpm1,GPM1,2026-07-08,11.17.05.2002,Bale Redelong,catchment_point,yes,4.81572033808049,96.877105410688,Asia/Jakarta,Forecast Redelong representative point. BMKG ADM4 reference: 11.17.05.2002 (Bale Redelong). Initial BMKG reference for catchment point,08-07-2026,CMA,Open-Meteo / CMA GRAPES,yes,0.85,1.0,0.85,5,5,200,545,,,,
gpm1,GPM1,2026-07-08,11.17.05.2002,Bale Redelong,catchment_point,yes,4.81572033808049,96.877105410688,Asia/Jakarta,Forecast Redelong representative point. BMKG ADM4 reference: 11.17.05.2002 (Bale Redelong). Initial BMKG reference for catchment point,08-07-2026,ECMWF,Open-Meteo / ECMWF,yes,1.2,1.0,1.2,5,5,200,624,,,,
gpm1,GPM1,2026-07-08,11.17.05.2002,Bale Redelong,catchment_point,yes,4.81572033808049,96.877105410688,Asia/Jakarta,Forecast Redelong representative point. BMKG ADM4 reference: 11.17.05.2002 (Bale Redelong). Initial BMKG reference for catchment point,08-07-2026,GFS,Open-Meteo / NOAA GFS,yes,1.0,1.0,1.0,5,5,200,527,,,,
gpm1,GPM1,2026-07-08,11.17.05.2002,Bale Redelong,catchment_point,yes,4.81572033808049,96.877105410688,Asia/Jakarta,Forecast Redelong representative point. BMKG ADM4 reference: 11.17.05.2002 (Bale Redelong). Initial BMKG reference for catchment point,08-07-2026,ICON,Open-Meteo / DWD ICON,yes,1.05,1.0,1.05,5,5,200,519,,,,
gpm1,GPM1,2026-07-08,11.17.05.2002,Bale Redelong,catchment_point,yes,4.81572033808049,96.877105410688,Asia/Jakarta,Forecast Redelong representative point. BMKG ADM4 reference: 11.17.05.2002 (Bale Redelong). Initial BMKG reference for catchment point,08-07-2026,KMA,Open-Meteo / KMA,yes,0.9,1.0,0.9,5,5,200,519,,,,
gpm1,GPM1,2026-07-08,11.17.05.2002,Bale Redelong,catchment_point,yes,4.81572033808049,96.877105410688,Asia/Jakarta,Forecast Redelong representative point. BMKG ADM4 reference: 11.17.05.2002 (Bale Redelong). Initial BMKG reference for catchment point,08-07-2026,METEOFRANCE,Open-Meteo / Meteo-France,yes,1.1,1.0,1.1,5,5,200,527,,,,
gpm1,GPM1,2026-07-08,11.17.05.2002,Bale Redelong,catchment_point,yes,4.81572033808049,96.877105410688,Asia/Jakarta,Forecast Redelong representative point. BMKG ADM4 reference: 11.17.05.2002 (Bale Redelong). Initial BMKG reference for catchment point,08-07-2026,METNO,MET Norway,yes,1.0,1.0,1.0,3,5,200,542,,,,
gpm1,GPM1,2026-07-08,11.17.05.2002,Bale Redelong,catchment_point,yes,4.81572033808049,96.877105410688,Asia/Jakarta,Forecast Redelong representative point. BMKG ADM4 reference: 11.17.05.2002 (Bale Redelong). Initial BMKG reference for catchment point,08-07-2026,UKMO,Open-Meteo / UK Met Office,yes,0.95,1.0,0.95,5,5,200,523,,,,
gpm1,GPM1,2026-07-09,11.17.05.2002,Bale Redelong,catchment_point,yes,4.81572033808049,96.877105410688,Asia/Jakarta,Forecast Redelong representative point. BMKG ADM4 reference: 11.17.05.2002 (Bale Redelong). Initial BMKG reference for catchment point,09-07-2026,BMKG,BMKG,yes,1.35,0.979,1.3216,5,5,200,61,,,,
gpm1,GPM1,2026-07-09,11.17.05.2002,Bale Redelong,catchment_point,yes,4.81572033808049,96.877105410688,Asia/Jakarta,Forecast Redelong representative point. BMKG ADM4 reference: 11.17.05.2002 (Bale Redelong). Initial BMKG reference for catchment point,09-07-2026,CMA,Open-Meteo / CMA GRAPES,yes,0.85,1.0,0.85,5,5,200,519,,,,
gpm1,GPM1,2026-07-09,11.17.05.2002,Bale Redelong,catchment_point,yes,4.81572033808049,96.877105410688,Asia/Jakarta,Forecast Redelong representative point. BMKG ADM4 reference: 11.17.05.2002 (Bale Redelong). Initial BMKG reference for catchment point,09-07-2026,ECMWF,Open-Meteo / ECMWF,yes,1.2,1.0,1.2,5,5,200,512,,,,
gpm1,GPM1,2026-07-09,11.17.05.2002,Bale Redelong,catchment_point,yes,4.81572033808049,96.877105410688,Asia/Jakarta,Forecast Redelong representative point. BMKG ADM4 reference: 11.17.05.2002 (Bale Redelong). Initial BMKG reference for catchment point,09-07-2026,GFS,Open-Meteo / NOAA GFS,yes,1.0,1.0,1.0,5,5,200,509,,,,
gpm1,GPM1,2026-07-09,11.17.05.2002,Bale Redelong,catchment_point,yes,4.81572033808049,96.877105410688,Asia/Jakarta,Forecast Redelong representative point. BMKG ADM4 reference: 11.17.05.2002 (Bale Redelong). Initial BMKG reference for catchment point,09-07-2026,ICON,Open-Meteo / DWD ICON,yes,1.05,1.0,1.05,5,5,200,520,,,,
gpm1,GPM1,2026-07-09,11.17.05.2002,Bale Redelong,catchment_point,yes,4.81572033808049,96.877105410688,Asia/Jakarta,Forecast Redelong representative point. BMKG ADM4 reference: 11.17.05.2002 (Bale Redelong). Initial BMKG reference for catchment point,09-07-2026,KMA,Open-Meteo / KMA,yes,0.9,1.0,0.9,5,5,200,523,,,,
gpm1,GPM1,2026-07-09,11.17.05.2002,Bale Redelong,catchment_point,yes,4.81572033808049,96.877105410688,Asia/Jakarta,Forecast Redelong representative point. BMKG ADM4 reference: 11.17.05.2002 (Bale Redelong). Initial BMKG reference for catchment point,09-07-2026,METEOFRANCE,Open-Meteo / Meteo-France,yes,1.1,1.0,1.1,5,5,200,513,,,,
gpm1,GPM1,2026-07-09,11.17.05.2002,Bale Redelong,catchment_point,yes,4.81572033808049,96.877105410688,Asia/Jakarta,Forecast Redelong representative point. BMKG ADM4 reference: 11.17.05.2002 (Bale Redelong). Initial BMKG reference for catchment point,09-07-2026,METNO,MET Norway,yes,1.0,0.979,0.979,5,5,200,495,,,,
gpm1,GPM1,2026-07-09,11.17.05.2002,Bale Redelong,catchment_point,yes,4.81572033808049,96.877105410688,Asia/Jakarta,Forecast Redelong representative point. BMKG ADM4 reference: 11.17.05.2002 (Bale Redelong). Initial BMKG reference for catchment point,09-07-2026,UKMO,Open-Meteo / UK Met Office,yes,0.95,1.0,0.95,5,5,200,526,,,,
gpm1,GPM1,2026-07-10,11.17.05.2002,Bale Redelong,catchment_point,yes,4.81572033808049,96.877105410688,Asia/Jakarta,Forecast Redelong representative point. BMKG ADM4 reference: 11.17.05.2002 (Bale Redelong). Initial BMKG reference for catchment point,10-07-2026,BMKG,BMKG,yes,1.35,0.9864,1.3316,5,5,200,94,,,,
gpm1,GPM1,2026-07-10,11.17.05.2002,Bale Redelong,catchment_point,yes,4.81572033808049,96.877105410688,Asia/Jakarta,Forecast Redelong representative point. BMKG ADM4 reference: 11.17.05.2002 (Bale Redelong). Initial BMKG reference for catchment point,10-07-2026,CMA,Open-Meteo / CMA GRAPES,yes,0.85,1.0,0.85,5,5,200,515,,,,
gpm1,GPM1,2026-07-10,11.17.05.2002,Bale Redelong,catchment_point,yes,4.81572033808049,96.877105410688,Asia/Jakarta,Forecast Redelong representative point. BMKG ADM4 reference: 11.17.05.2002 (Bale Redelong). Initial BMKG reference for catchment point,10-07-2026,ECMWF,Open-Meteo / ECMWF,yes,1.2,1.0,1.2,5,5,200,511,,,,
gpm1,GPM1,2026-07-10,11.17.05.2002,Bale Redelong,catchment_point,yes,4.81572033808049,96.877105410688,Asia/Jakarta,Forecast Redelong representative point. BMKG ADM4 reference: 11.17.05.2002 (Bale Redelong). Initial BMKG reference for catchment point,10-07-2026,GFS,Open-Meteo / NOAA GFS,yes,1.0,1.0,1.0,5,5,200,504,,,,
gpm1,GPM1,2026-07-10,11.17.05.2002,Bale Redelong,catchment_point,yes,4.81572033808049,96.877105410688,Asia/Jakarta,Forecast Redelong representative point. BMKG ADM4 reference: 11.17.05.2002 (Bale Redelong). Initial BMKG reference for catchment point,10-07-2026,ICON,Open-Meteo / DWD ICON,yes,1.05,1.0,1.05,5,5,200,507,,,,
gpm1,GPM1,2026-07-10,11.17.05.2002,Bale Redelong,catchment_point,yes,4.81572033808049,96.877105410688,Asia/Jakarta,Forecast Redelong representative point. BMKG ADM4 reference: 11.17.05.2002 (Bale Redelong). Initial BMKG reference for catchment point,10-07-2026,KMA,Open-Meteo / KMA,yes,0.9,1.0,0.9,5,5,200,531,,,,
gpm1,GPM1,2026-07-10,11.17.05.2002,Bale Redelong,catchment_point,yes,4.81572033808049,96.877105410688,Asia/Jakarta,Forecast Redelong representative point. BMKG ADM4 reference: 11.17.05.2002 (Bale Redelong). Initial BMKG reference for catchment point,10-07-2026,METEOFRANCE,Open-Meteo / Meteo-France,yes,1.1,1.0,1.1,5,5,200,502,,,,
gpm1,GPM1,2026-07-10,11.17.05.2002,Bale Redelong,catchment_point,yes,4.81572033808049,96.877105410688,Asia/Jakarta,Forecast Redelong representative point. BMKG ADM4 reference: 11.17.05.2002 (Bale Redelong). Initial BMKG reference for catchment point,10-07-2026,METNO,MET Norway,yes,1.0,0.9864,0.9864,5,5,200,485,,,,
gpm1,GPM1,2026-07-10,11.17.05.2002,Bale Redelong,catchment_point,yes,4.81572033808049,96.877105410688,Asia/Jakarta,Forecast Redelong representative point. BMKG ADM4 reference: 11.17.05.2002 (Bale Redelong). Initial BMKG reference for catchment point,10-07-2026,UKMO,Open-Meteo / UK Met Office,yes,0.95,1.0,0.95,5,5,200,516,,,,
gpm2,GPM2,2026-07-08,11.17.05.2002,Bale Redelong,catchment_point,yes,4.811672965065149,96.9505347134354,Asia/Jakarta,Forecast Redelong representative point. BMKG ADM4 reference: 11.17.05.2002 (Bale Redelong). Initial BMKG reference for catchment point,08-07-2026,BMKG,BMKG,yes,1.35,1.0,1.35,3,5,200,65,,,,
gpm2,GPM2,2026-07-08,11.17.05.2002,Bale Redelong,catchment_point,yes,4.811672965065149,96.9505347134354,Asia/Jakarta,Forecast Redelong representative point. BMKG ADM4 reference: 11.17.05.2002 (Bale Redelong). Initial BMKG reference for catchment point,08-07-2026,CMA,Open-Meteo / CMA GRAPES,yes,0.85,1.0,0.85,5,5,200,517,,,,
gpm2,GPM2,2026-07-08,11.17.05.2002,Bale Redelong,catchment_point,yes,4.811672965065149,96.9505347134354,Asia/Jakarta,Forecast Redelong representative point. BMKG ADM4 reference: 11.17.05.2002 (Bale Redelong). Initial BMKG reference for catchment point,08-07-2026,ECMWF,Open-Meteo / ECMWF,yes,1.2,1.0,1.2,5,5,200,546,,,,
gpm2,GPM2,2026-07-08,11.17.05.2002,Bale Redelong,catchment_point,yes,4.811672965065149,96.9505347134354,Asia/Jakarta,Forecast Redelong representative point. BMKG ADM4 reference: 11.17.05.2002 (Bale Redelong). Initial BMKG reference for catchment point,08-07-2026,GFS,Open-Meteo / NOAA GFS,yes,1.0,1.0,1.0,5,5,200,526,,,,
gpm2,GPM2,2026-07-08,11.17.05.2002,Bale Redelong,catchment_point,yes,4.811672965065149,96.9505347134354,Asia/Jakarta,Forecast Redelong representative point. BMKG ADM4 reference: 11.17.05.2002 (Bale Redelong). Initial BMKG reference for catchment point,08-07-2026,ICON,Open-Meteo / DWD ICON,yes,1.05,1.0,1.05,5,5,200,544,,,,
gpm2,GPM2,2026-07-08,11.17.05.2002,Bale Redelong,catchment_point,yes,4.811672965065149,96.9505347134354,Asia/Jakarta,Forecast Redelong representative point. BMKG ADM4 reference: 11.17.05.2002 (Bale Redelong). Initial BMKG reference for catchment point,08-07-2026,KMA,Open-Meteo / KMA,yes,0.9,1.0,0.9,5,5,200,520,,,,
gpm2,GPM2,2026-07-08,11.17.05.2002,Bale Redelong,catchment_point,yes,4.811672965065149,96.9505347134354,Asia/Jakarta,Forecast Redelong representative point. BMKG ADM4 reference: 11.17.05.2002 (Bale Redelong). Initial BMKG reference for catchment point,08-07-2026,METEOFRANCE,Open-Meteo / Meteo-France,yes,1.1,1.0,1.1,5,5,200,520,,,,
gpm2,GPM2,2026-07-08,11.17.05.2002,Bale Redelong,catchment_point,yes,4.811672965065149,96.9505347134354,Asia/Jakarta,Forecast Redelong representative point. BMKG ADM4 reference: 11.17.05.2002 (Bale Redelong). Initial BMKG reference for catchment point,08-07-2026,METNO,MET Norway,yes,1.0,1.0,1.0,3,5,200,415,,,,
gpm2,GPM2,2026-07-08,11.17.05.2002,Bale Redelong,catchment_point,yes,4.811672965065149,96.9505347134354,Asia/Jakarta,Forecast Redelong representative point. BMKG ADM4 reference: 11.17.05.2002 (Bale Redelong). Initial BMKG reference for catchment point,08-07-2026,UKMO,Open-Meteo / UK Met Office,yes,0.95,1.0,0.95,5,5,200,524,,,,
gpm2,GPM2,2026-07-09,11.17.05.2002,Bale Redelong,catchment_point,yes,4.811672965065149,96.9505347134354,Asia/Jakarta,Forecast Redelong representative point. BMKG ADM4 reference: 11.17.05.2002 (Bale Redelong). Initial BMKG reference for catchment point,09-07-2026,BMKG,BMKG,yes,1.35,0.979,1.3216,5,5,200,60,,,,
gpm2,GPM2,2026-07-09,11.17.05.2002,Bale Redelong,catchment_point,yes,4.811672965065149,96.9505347134354,Asia/Jakarta,Forecast Redelong representative point. BMKG ADM4 reference: 11.17.05.2002 (Bale Redelong). Initial BMKG reference for catchment point,09-07-2026,CMA,Open-Meteo / CMA GRAPES,yes,0.85,1.0,0.85,5,5,200,701,,,,
gpm2,GPM2,2026-07-09,11.17.05.2002,Bale Redelong,catchment_point,yes,4.811672965065149,96.9505347134354,Asia/Jakarta,Forecast Redelong representative point. BMKG ADM4 reference: 11.17.05.2002 (Bale Redelong). Initial BMKG reference for catchment point,09-07-2026,ECMWF,Open-Meteo / ECMWF,yes,1.2,1.0,1.2,5,5,200,603,,,,
gpm2,GPM2,2026-07-09,11.17.05.2002,Bale Redelong,catchment_point,yes,4.811672965065149,96.9505347134354,Asia/Jakarta,Forecast Redelong representative point. BMKG ADM4 reference: 11.17.05.2002 (Bale Redelong). Initial BMKG reference for catchment point,09-07-2026,GFS,Open-Meteo / NOAA GFS,yes,1.0,1.0,1.0,5,5,200,624,,,,
gpm2,GPM2,2026-07-09,11.17.05.2002,Bale Redelong,catchment_point,yes,4.811672965065149,96.9505347134354,Asia/Jakarta,Forecast Redelong representative point. BMKG ADM4 reference: 11.17.05.2002 (Bale Redelong). Initial BMKG reference for catchment point,09-07-2026,ICON,Open-Meteo / DWD ICON,yes,1.05,1.0,1.05,5,5,200,572,,,,
gpm2,GPM2,2026-07-09,11.17.05.2002,Bale Redelong,catchment_point,yes,4.811672965065149,96.9505347134354,Asia/Jakarta,Forecast Redelong representative point. BMKG ADM4 reference: 11.17.05.2002 (Bale Redelong). Initial BMKG reference for catchment point,09-07-2026,KMA,Open-Meteo / KMA,yes,0.9,1.0,0.9,5,5,200,690,,,,
gpm2,GPM2,2026-07-09,11.17.05.2002,Bale Redelong,catchment_point,yes,4.811672965065149,96.9505347134354,Asia/Jakarta,Forecast Redelong representative point. BMKG ADM4 reference: 11.17.05.2002 (Bale Redelong). Initial BMKG reference for catchment point,09-07-2026,METEOFRANCE,Open-Meteo / Meteo-France,yes,1.1,1.0,1.1,5,5,200,632,,,,
gpm2,GPM2,2026-07-09,11.17.05.2002,Bale Redelong,catchment_point,yes,4.811672965065149,96.9505347134354,Asia/Jakarta,Forecast Redelong representative point. BMKG ADM4 reference: 11.17.05.2002 (Bale Redelong). Initial BMKG reference for catchment point,09-07-2026,METNO,MET Norway,yes,1.0,0.979,0.979,5,5,200,633,,,,
gpm2,GPM2,2026-07-09,11.17.05.2002,Bale Redelong,catchment_point,yes,4.811672965065149,96.9505347134354,Asia/Jakarta,Forecast Redelong representative point. BMKG ADM4 reference: 11.17.05.2002 (Bale Redelong). Initial BMKG reference for catchment point,09-07-2026,UKMO,Open-Meteo / UK Met Office,yes,0.95,1.0,0.95,5,5,200,699,,,,
gpm2,GPM2,2026-07-10,11.17.05.2002,Bale Redelong,catchment_point,yes,4.811672965065149,96.9505347134354,Asia/Jakarta,Forecast Redelong representative point. BMKG ADM4 reference: 11.17.05.2002 (Bale Redelong). Initial BMKG reference for catchment point,10-07-2026,BMKG,BMKG,yes,1.35,0.9864,1.3316,5,5,200,60,,,,
gpm2,GPM2,2026-07-10,11.17.05.2002,Bale Redelong,catchment_point,yes,4.811672965065149,96.9505347134354,Asia/Jakarta,Forecast Redelong representative point. BMKG ADM4 reference: 11.17.05.2002 (Bale Redelong). Initial BMKG reference for catchment point,10-07-2026,CMA,Open-Meteo / CMA GRAPES,yes,0.85,1.0,0.85,5,5,200,793,,,,
gpm2,GPM2,2026-07-10,11.17.05.2002,Bale Redelong,catchment_point,yes,4.811672965065149,96.9505347134354,Asia/Jakarta,Forecast Redelong representative point. BMKG ADM4 reference: 11.17.05.2002 (Bale Redelong). Initial BMKG reference for catchment point,10-07-2026,ECMWF,Open-Meteo / ECMWF,yes,1.2,1.0,1.2,5,5,200,733,,,,
gpm2,GPM2,2026-07-10,11.17.05.2002,Bale Redelong,catchment_point,yes,4.811672965065149,96.9505347134354,Asia/Jakarta,Forecast Redelong representative point. BMKG ADM4 reference: 11.17.05.2002 (Bale Redelong). Initial BMKG reference for catchment point,10-07-2026,GFS,Open-Meteo / NOAA GFS,yes,1.0,1.0,1.0,5,5,200,729,,,,
gpm2,GPM2,2026-07-10,11.17.05.2002,Bale Redelong,catchment_point,yes,4.811672965065149,96.9505347134354,Asia/Jakarta,Forecast Redelong representative point. BMKG ADM4 reference: 11.17.05.2002 (Bale Redelong). Initial BMKG reference for catchment point,10-07-2026,ICON,Open-Meteo / DWD ICON,yes,1.05,1.0,1.05,5,5,200,607,,,,
gpm2,GPM2,2026-07-10,11.17.05.2002,Bale Redelong,catchment_point,yes,4.811672965065149,96.9505347134354,Asia/Jakarta,Forecast Redelong representative point. BMKG ADM4 reference: 11.17.05.2002 (Bale Redelong). Initial BMKG reference for catchment point,10-07-2026,KMA,Open-Meteo / KMA,yes,0.9,1.0,0.9,5,5,200,491,,,,
gpm2,GPM2,2026-07-10,11.17.05.2002,Bale Redelong,catchment_point,yes,4.811672965065149,96.9505347134354,Asia/Jakarta,Forecast Redelong representative point. BMKG ADM4 reference: 11.17.05.2002 (Bale Redelong). Initial BMKG reference for catchment point,10-07-2026,METEOFRANCE,Open-Meteo / Meteo-France,yes,1.1,1.0,1.1,5,5,200,755,,,,
gpm2,GPM2,2026-07-10,11.17.05.2002,Bale Redelong,catchment_point,yes,4.811672965065149,96.9505347134354,Asia/Jakarta,Forecast Redelong representative point. BMKG ADM4 reference: 11.17.05.2002 (Bale Redelong). Initial BMKG reference for catchment point,10-07-2026,METNO,MET Norway,yes,1.0,0.9864,0.9864,5,5,200,495,,,,
gpm2,GPM2,2026-07-10,11.17.05.2002,Bale Redelong,catchment_point,yes,4.811672965065149,96.9505347134354,Asia/Jakarta,Forecast Redelong representative point. BMKG ADM4 reference: 11.17.05.2002 (Bale Redelong). Initial BMKG reference for catchment point,10-07-2026,UKMO,Open-Meteo / UK Met Office,yes,0.95,1.0,0.95,5,5,200,569,,,,
gpm3,GPM3,2026-07-08,11.17.05.2002,Bale Redelong,catchment_point,yes,4.815409756944025,97.009911990332,Asia/Jakarta,Forecast Redelong representative point. BMKG ADM4 reference: 11.17.05.2002 (Bale Redelong). Initial BMKG reference for catchment point,08-07-2026,BMKG,BMKG,yes,1.35,1.0,1.35,3,5,200,195,,,,
gpm3,GPM3,2026-07-08,11.17.05.2002,Bale Redelong,catchment_point,yes,4.815409756944025,97.009911990332,Asia/Jakarta,Forecast Redelong representative point. BMKG ADM4 reference: 11.17.05.2002 (Bale Redelong). Initial BMKG reference for catchment point,08-07-2026,CMA,Open-Meteo / CMA GRAPES,yes,0.85,1.0,0.85,5,5,200,527,,,,
gpm3,GPM3,2026-07-08,11.17.05.2002,Bale Redelong,catchment_point,yes,4.815409756944025,97.009911990332,Asia/Jakarta,Forecast Redelong representative point. BMKG ADM4 reference: 11.17.05.2002 (Bale Redelong). Initial BMKG reference for catchment point,08-07-2026,ECMWF,Open-Meteo / ECMWF,yes,1.2,1.0,1.2,5,5,200,636,,,,
gpm3,GPM3,2026-07-08,11.17.05.2002,Bale Redelong,catchment_point,yes,4.815409756944025,97.009911990332,Asia/Jakarta,Forecast Redelong representative point. BMKG ADM4 reference: 11.17.05.2002 (Bale Redelong). Initial BMKG reference for catchment point,08-07-2026,GFS,Open-Meteo / NOAA GFS,yes,1.0,1.0,1.0,5,5,200,648,,,,
gpm3,GPM3,2026-07-08,11.17.05.2002,Bale Redelong,catchment_point,yes,4.815409756944025,97.009911990332,Asia/Jakarta,Forecast Redelong representative point. BMKG ADM4 reference: 11.17.05.2002 (Bale Redelong). Initial BMKG reference for catchment point,08-07-2026,ICON,Open-Meteo / DWD ICON,yes,1.05,1.0,1.05,5,5,200,517,,,,
gpm3,GPM3,2026-07-08,11.17.05.2002,Bale Redelong,catchment_point,yes,4.815409756944025,97.009911990332,Asia/Jakarta,Forecast Redelong representative point. BMKG ADM4 reference: 11.17.05.2002 (Bale Redelong). Initial BMKG reference for catchment point,08-07-2026,KMA,Open-Meteo / KMA,yes,0.9,1.0,0.9,5,5,200,591,,,,
gpm3,GPM3,2026-07-08,11.17.05.2002,Bale Redelong,catchment_point,yes,4.815409756944025,97.009911990332,Asia/Jakarta,Forecast Redelong representative point. BMKG ADM4 reference: 11.17.05.2002 (Bale Redelong). Initial BMKG reference for catchment point,08-07-2026,METEOFRANCE,Open-Meteo / Meteo-France,yes,1.1,1.0,1.1,5,5,200,525,,,,
gpm3,GPM3,2026-07-08,11.17.05.2002,Bale Redelong,catchment_point,yes,4.815409756944025,97.009911990332,Asia/Jakarta,Forecast Redelong representative point. BMKG ADM4 reference: 11.17.05.2002 (Bale Redelong). Initial BMKG reference for catchment point,08-07-2026,METNO,MET Norway,yes,1.0,1.0,1.0,2,5,200,651,,,,
gpm3,GPM3,2026-07-08,11.17.05.2002,Bale Redelong,catchment_point,yes,4.815409756944025,97.009911990332,Asia/Jakarta,Forecast Redelong representative point. BMKG ADM4 reference: 11.17.05.2002 (Bale Redelong). Initial BMKG reference for catchment point,08-07-2026,UKMO,Open-Meteo / UK Met Office,yes,0.95,1.0,0.95,5,5,200,593,,,,
gpm3,GPM3,2026-07-09,11.17.05.2002,Bale Redelong,catchment_point,yes,4.815409756944025,97.009911990332,Asia/Jakarta,Forecast Redelong representative point. BMKG ADM4 reference: 11.17.05.2002 (Bale Redelong). Initial BMKG reference for catchment point,09-07-2026,BMKG,BMKG,yes,1.35,0.979,1.3216,5,5,200,59,,,,
gpm3,GPM3,2026-07-09,11.17.05.2002,Bale Redelong,catchment_point,yes,4.815409756944025,97.009911990332,Asia/Jakarta,Forecast Redelong representative point. BMKG ADM4 reference: 11.17.05.2002 (Bale Redelong). Initial BMKG reference for catchment point,09-07-2026,CMA,Open-Meteo / CMA GRAPES,yes,0.85,1.0,0.85,5,5,200,499,,,,
gpm3,GPM3,2026-07-09,11.17.05.2002,Bale Redelong,catchment_point,yes,4.815409756944025,97.009911990332,Asia/Jakarta,Forecast Redelong representative point. BMKG ADM4 reference: 11.17.05.2002 (Bale Redelong). Initial BMKG reference for catchment point,09-07-2026,ECMWF,Open-Meteo / ECMWF,yes,1.2,1.0,1.2,5,5,200,520,,,,
gpm3,GPM3,2026-07-09,11.17.05.2002,Bale Redelong,catchment_point,yes,4.815409756944025,97.009911990332,Asia/Jakarta,Forecast Redelong representative point. BMKG ADM4 reference: 11.17.05.2002 (Bale Redelong). Initial BMKG reference for catchment point,09-07-2026,GFS,Open-Meteo / NOAA GFS,yes,1.0,1.0,1.0,5,5,200,514,,,,
gpm3,GPM3,2026-07-09,11.17.05.2002,Bale Redelong,catchment_point,yes,4.815409756944025,97.009911990332,Asia/Jakarta,Forecast Redelong representative point. BMKG ADM4 reference: 11.17.05.2002 (Bale Redelong). Initial BMKG reference for catchment point,09-07-2026,ICON,Open-Meteo / DWD ICON,yes,1.05,1.0,1.05,5,5,200,522,,,,
gpm3,GPM3,2026-07-09,11.17.05.2002,Bale Redelong,catchment_point,yes,4.815409756944025,97.009911990332,Asia/Jakarta,Forecast Redelong representative point. BMKG ADM4 reference: 11.17.05.2002 (Bale Redelong). Initial BMKG reference for catchment point,09-07-2026,KMA,Open-Meteo / KMA,yes,0.9,1.0,0.9,5,5,200,487,,,,
gpm3,GPM3,2026-07-09,11.17.05.2002,Bale Redelong,catchment_point,yes,4.815409756944025,97.009911990332,Asia/Jakarta,Forecast Redelong representative point. BMKG ADM4 reference: 11.17.05.2002 (Bale Redelong). Initial BMKG reference for catchment point,09-07-2026,METEOFRANCE,Open-Meteo / Meteo-France,yes,1.1,1.0,1.1,5,5,200,519,,,,
gpm3,GPM3,2026-07-09,11.17.05.2002,Bale Redelong,catchment_point,yes,4.815409756944025,97.009911990332,Asia/Jakarta,Forecast Redelong representative point. BMKG ADM4 reference: 11.17.05.2002 (Bale Redelong). Initial BMKG reference for catchment point,09-07-2026,METNO,MET Norway,yes,1.0,0.9685,0.9685,5,5,200,367,,,,
gpm3,GPM3,2026-07-09,11.17.05.2002,Bale Redelong,catchment_point,yes,4.815409756944025,97.009911990332,Asia/Jakarta,Forecast Redelong representative point. BMKG ADM4 reference: 11.17.05.2002 (Bale Redelong). Initial BMKG reference for catchment point,09-07-2026,UKMO,Open-Meteo / UK Met Office,yes,0.95,1.0,0.95,5,5,200,510,,,,
gpm3,GPM3,2026-07-10,11.17.05.2002,Bale Redelong,catchment_point,yes,4.815409756944025,97.009911990332,Asia/Jakarta,Forecast Redelong representative point. BMKG ADM4 reference: 11.17.05.2002 (Bale Redelong). Initial BMKG reference for catchment point,10-07-2026,BMKG,BMKG,yes,1.35,0.9864,1.3316,5,5,200,74,,,,
gpm3,GPM3,2026-07-10,11.17.05.2002,Bale Redelong,catchment_point,yes,4.815409756944025,97.009911990332,Asia/Jakarta,Forecast Redelong representative point. BMKG ADM4 reference: 11.17.05.2002 (Bale Redelong). Initial BMKG reference for catchment point,10-07-2026,CMA,Open-Meteo / CMA GRAPES,yes,0.85,1.0,0.85,5,5,200,490,,,,
gpm3,GPM3,2026-07-10,11.17.05.2002,Bale Redelong,catchment_point,yes,4.815409756944025,97.009911990332,Asia/Jakarta,Forecast Redelong representative point. BMKG ADM4 reference: 11.17.05.2002 (Bale Redelong). Initial BMKG reference for catchment point,10-07-2026,ECMWF,Open-Meteo / ECMWF,yes,1.2,1.0,1.2,5,5,200,543,,,,
gpm3,GPM3,2026-07-10,11.17.05.2002,Bale Redelong,catchment_point,yes,4.815409756944025,97.009911990332,Asia/Jakarta,Forecast Redelong representative point. BMKG ADM4 reference: 11.17.05.2002 (Bale Redelong). Initial BMKG reference for catchment point,10-07-2026,GFS,Open-Meteo / NOAA GFS,yes,1.0,1.0,1.0,5,5,200,521,,,,
gpm3,GPM3,2026-07-10,11.17.05.2002,Bale Redelong,catchment_point,yes,4.815409756944025,97.009911990332,Asia/Jakarta,Forecast Redelong representative point. BMKG ADM4 reference: 11.17.05.2002 (Bale Redelong). Initial BMKG reference for catchment point,10-07-2026,ICON,Open-Meteo / DWD ICON,yes,1.05,1.0,1.05,5,5,200,488,,,,
gpm3,GPM3,2026-07-10,11.17.05.2002,Bale Redelong,catchment_point,yes,4.815409756944025,97.009911990332,Asia/Jakarta,Forecast Redelong representative point. BMKG ADM4 reference: 11.17.05.2002 (Bale Redelong). Initial BMKG reference for catchment point,10-07-2026,KMA,Open-Meteo / KMA,yes,0.9,1.0,0.9,5,5,200,506,,,,
gpm3,GPM3,2026-07-10,11.17.05.2002,Bale Redelong,catchment_point,yes,4.815409756944025,97.009911990332,Asia/Jakarta,Forecast Redelong representative point. BMKG ADM4 reference: 11.17.05.2002 (Bale Redelong). Initial BMKG reference for catchment point,10-07-2026,METEOFRANCE,Open-Meteo / Meteo-France,yes,1.1,1.0,1.1,5,5,200,512,,,,
gpm3,GPM3,2026-07-10,11.17.05.2002,Bale Redelong,catchment_point,yes,4.815409756944025,97.009911990332,Asia/Jakarta,Forecast Redelong representative point. BMKG ADM4 reference: 11.17.05.2002 (Bale Redelong). Initial BMKG reference for catchment point,10-07-2026,METNO,MET Norway,yes,1.0,0.9795,0.9795,5,5,200,506,,,,
gpm3,GPM3,2026-07-10,11.17.05.2002,Bale Redelong,catchment_point,yes,4.815409756944025,97.009911990332,Asia/Jakarta,Forecast Redelong representative point. BMKG ADM4 reference: 11.17.05.2002 (Bale Redelong). Initial BMKG reference for catchment point,10-07-2026,UKMO,Open-Meteo / UK Met Office,yes,0.95,1.0,0.95,5,5,200,522,,,,
gpm4,GPM4,2026-07-08,11.17.05.2002,Bale Redelong,catchment_point,yes,4.778238355009202,96.8876539578458,Asia/Jakarta,Forecast Redelong representative point. BMKG ADM4 reference: 11.17.05.2002 (Bale Redelong). Initial BMKG reference for catchment point,08-07-2026,BMKG,BMKG,yes,1.35,1.0,1.35,3,5,200,62,,,,
gpm4,GPM4,2026-07-08,11.17.05.2002,Bale Redelong,catchment_point,yes,4.778238355009202,96.8876539578458,Asia/Jakarta,Forecast Redelong representative point. BMKG ADM4 reference: 11.17.05.2002 (Bale Redelong). Initial BMKG reference for catchment point,08-07-2026,CMA,Open-Meteo / CMA GRAPES,yes,0.85,1.0,0.85,5,5,200,500,,,,
gpm4,GPM4,2026-07-08,11.17.05.2002,Bale Redelong,catchment_point,yes,4.778238355009202,96.8876539578458,Asia/Jakarta,Forecast Redelong representative point. BMKG ADM4 reference: 11.17.05.2002 (Bale Redelong). Initial BMKG reference for catchment point,08-07-2026,ECMWF,Open-Meteo / ECMWF,yes,1.2,1.0,1.2,5,5,200,506,,,,
gpm4,GPM4,2026-07-08,11.17.05.2002,Bale Redelong,catchment_point,yes,4.778238355009202,96.8876539578458,Asia/Jakarta,Forecast Redelong representative point. BMKG ADM4 reference: 11.17.05.2002 (Bale Redelong). Initial BMKG reference for catchment point,08-07-2026,GFS,Open-Meteo / NOAA GFS,yes,1.0,1.0,1.0,5,5,200,479,,,,
gpm4,GPM4,2026-07-08,11.17.05.2002,Bale Redelong,catchment_point,yes,4.778238355009202,96.8876539578458,Asia/Jakarta,Forecast Redelong representative point. BMKG ADM4 reference: 11.17.05.2002 (Bale Redelong). Initial BMKG reference for catchment point,08-07-2026,ICON,Open-Meteo / DWD ICON,yes,1.05,1.0,1.05,5,5,200,496,,,,
gpm4,GPM4,2026-07-08,11.17.05.2002,Bale Redelong,catchment_point,yes,4.778238355009202,96.8876539578458,Asia/Jakarta,Forecast Redelong representative point. BMKG ADM4 reference: 11.17.05.2002 (Bale Redelong). Initial BMKG reference for catchment point,08-07-2026,KMA,Open-Meteo / KMA,yes,0.9,1.0,0.9,5,5,200,536,,,,
gpm4,GPM4,2026-07-08,11.17.05.2002,Bale Redelong,catchment_point,yes,4.778238355009202,96.8876539578458,Asia/Jakarta,Forecast Redelong representative point. BMKG ADM4 reference: 11.17.05.2002 (Bale Redelong). Initial BMKG reference for catchment point,08-07-2026,METEOFRANCE,Open-Meteo / Meteo-France,yes,1.1,1.0,1.1,5,5,200,500,,,,
gpm4,GPM4,2026-07-08,11.17.05.2002,Bale Redelong,catchment_point,yes,4.778238355009202,96.8876539578458,Asia/Jakarta,Forecast Redelong representative point. BMKG ADM4 reference: 11.17.05.2002 (Bale Redelong). Initial BMKG reference for catchment point,08-07-2026,METNO,MET Norway,yes,1.0,1.0,1.0,2,5,200,536,,,,
gpm4,GPM4,2026-07-08,11.17.05.2002,Bale Redelong,catchment_point,yes,4.778238355009202,96.8876539578458,Asia/Jakarta,Forecast Redelong representative point. BMKG ADM4 reference: 11.17.05.2002 (Bale Redelong). Initial BMKG reference for catchment point,08-07-2026,UKMO,Open-Meteo / UK Met Office,yes,0.95,1.0,0.95,5,5,200,470,,,,
gpm4,GPM4,2026-07-09,11.17.05.2002,Bale Redelong,catchment_point,yes,4.778238355009202,96.8876539578458,Asia/Jakarta,Forecast Redelong representative point. BMKG ADM4 reference: 11.17.05.2002 (Bale Redelong). Initial BMKG reference for catchment point,09-07-2026,BMKG,BMKG,yes,1.35,0.979,1.3216,5,5,200,59,,,,
gpm4,GPM4,2026-07-09,11.17.05.2002,Bale Redelong,catchment_point,yes,4.778238355009202,96.8876539578458,Asia/Jakarta,Forecast Redelong representative point. BMKG ADM4 reference: 11.17.05.2002 (Bale Redelong). Initial BMKG reference for catchment point,09-07-2026,CMA,Open-Meteo / CMA GRAPES,yes,0.85,1.0,0.85,5,5,200,470,,,,
gpm4,GPM4,2026-07-09,11.17.05.2002,Bale Redelong,catchment_point,yes,4.778238355009202,96.8876539578458,Asia/Jakarta,Forecast Redelong representative point. BMKG ADM4 reference: 11.17.05.2002 (Bale Redelong). Initial BMKG reference for catchment point,09-07-2026,ECMWF,Open-Meteo / ECMWF,yes,1.2,1.0,1.2,5,5,200,503,,,,
gpm4,GPM4,2026-07-09,11.17.05.2002,Bale Redelong,catchment_point,yes,4.778238355009202,96.8876539578458,Asia/Jakarta,Forecast Redelong representative point. BMKG ADM4 reference: 11.17.05.2002 (Bale Redelong). Initial BMKG reference for catchment point,09-07-2026,GFS,Open-Meteo / NOAA GFS,yes,1.0,1.0,1.0,5,5,200,557,,,,
gpm4,GPM4,2026-07-09,11.17.05.2002,Bale Redelong,catchment_point,yes,4.778238355009202,96.8876539578458,Asia/Jakarta,Forecast Redelong representative point. BMKG ADM4 reference: 11.17.05.2002 (Bale Redelong). Initial BMKG reference for catchment point,09-07-2026,ICON,Open-Meteo / DWD ICON,yes,1.05,1.0,1.05,5,5,200,477,,,,
gpm4,GPM4,2026-07-09,11.17.05.2002,Bale Redelong,catchment_point,yes,4.778238355009202,96.8876539578458,Asia/Jakarta,Forecast Redelong representative point. BMKG ADM4 reference: 11.17.05.2002 (Bale Redelong). Initial BMKG reference for catchment point,09-07-2026,KMA,Open-Meteo / KMA,yes,0.9,1.0,0.9,5,5,200,630,,,,
gpm4,GPM4,2026-07-09,11.17.05.2002,Bale Redelong,catchment_point,yes,4.778238355009202,96.8876539578458,Asia/Jakarta,Forecast Redelong representative point. BMKG ADM4 reference: 11.17.05.2002 (Bale Redelong). Initial BMKG reference for catchment point,09-07-2026,METEOFRANCE,Open-Meteo / Meteo-France,yes,1.1,1.0,1.1,5,5,200,662,,,,
gpm4,GPM4,2026-07-09,11.17.05.2002,Bale Redelong,catchment_point,yes,4.778238355009202,96.8876539578458,Asia/Jakarta,Forecast Redelong representative point. BMKG ADM4 reference: 11.17.05.2002 (Bale Redelong). Initial BMKG reference for catchment point,09-07-2026,METNO,MET Norway,yes,1.0,0.9685,0.9685,5,5,200,509,,,,
gpm4,GPM4,2026-07-09,11.17.05.2002,Bale Redelong,catchment_point,yes,4.778238355009202,96.8876539578458,Asia/Jakarta,Forecast Redelong representative point. BMKG ADM4 reference: 11.17.05.2002 (Bale Redelong). Initial BMKG reference for catchment point,09-07-2026,UKMO,Open-Meteo / UK Met Office,yes,0.95,1.0,0.95,5,5,200,491,,,,
gpm4,GPM4,2026-07-10,11.17.05.2002,Bale Redelong,catchment_point,yes,4.778238355009202,96.8876539578458,Asia/Jakarta,Forecast Redelong representative point. BMKG ADM4 reference: 11.17.05.2002 (Bale Redelong). Initial BMKG reference for catchment point,10-07-2026,BMKG,BMKG,yes,1.35,0.9864,1.3316,5,5,200,61,,,,
gpm4,GPM4,2026-07-10,11.17.05.2002,Bale Redelong,catchment_point,yes,4.778238355009202,96.8876539578458,Asia/Jakarta,Forecast Redelong representative point. BMKG ADM4 reference: 11.17.05.2002 (Bale Redelong). Initial BMKG reference for catchment point,10-07-2026,CMA,Open-Meteo / CMA GRAPES,yes,0.85,1.0,0.85,5,5,200,524,,,,
gpm4,GPM4,2026-07-10,11.17.05.2002,Bale Redelong,catchment_point,yes,4.778238355009202,96.8876539578458,Asia/Jakarta,Forecast Redelong representative point. BMKG ADM4 reference: 11.17.05.2002 (Bale Redelong). Initial BMKG reference for catchment point,10-07-2026,ECMWF,Open-Meteo / ECMWF,yes,1.2,1.0,1.2,5,5,200,470,,,,
gpm4,GPM4,2026-07-10,11.17.05.2002,Bale Redelong,catchment_point,yes,4.778238355009202,96.8876539578458,Asia/Jakarta,Forecast Redelong representative point. BMKG ADM4 reference: 11.17.05.2002 (Bale Redelong). Initial BMKG reference for catchment point,10-07-2026,GFS,Open-Meteo / NOAA GFS,yes,1.0,1.0,1.0,5,5,200,477,,,,
gpm4,GPM4,2026-07-10,11.17.05.2002,Bale Redelong,catchment_point,yes,4.778238355009202,96.8876539578458,Asia/Jakarta,Forecast Redelong representative point. BMKG ADM4 reference: 11.17.05.2002 (Bale Redelong). Initial BMKG reference for catchment point,10-07-2026,ICON,Open-Meteo / DWD ICON,yes,1.05,1.0,1.05,5,5,200,476,,,,
gpm4,GPM4,2026-07-10,11.17.05.2002,Bale Redelong,catchment_point,yes,4.778238355009202,96.8876539578458,Asia/Jakarta,Forecast Redelong representative point. BMKG ADM4 reference: 11.17.05.2002 (Bale Redelong). Initial BMKG reference for catchment point,10-07-2026,KMA,Open-Meteo / KMA,yes,0.9,1.0,0.9,5,5,200,500,,,,
gpm4,GPM4,2026-07-10,11.17.05.2002,Bale Redelong,catchment_point,yes,4.778238355009202,96.8876539578458,Asia/Jakarta,Forecast Redelong representative point. BMKG ADM4 reference: 11.17.05.2002 (Bale Redelong). Initial BMKG reference for catchment point,10-07-2026,METEOFRANCE,Open-Meteo / Meteo-France,yes,1.1,1.0,1.1,5,5,200,492,,,,
gpm4,GPM4,2026-07-10,11.17.05.2002,Bale Redelong,catchment_point,yes,4.778238355009202,96.8876539578458,Asia/Jakarta,Forecast Redelong representative point. BMKG ADM4 reference: 11.17.05.2002 (Bale Redelong). Initial BMKG reference for catchment point,10-07-2026,METNO,MET Norway,yes,1.0,0.9795,0.9795,5,5,200,476,,,,
gpm4,GPM4,2026-07-10,11.17.05.2002,Bale Redelong,catchment_point,yes,4.778238355009202,96.8876539578458,Asia/Jakarta,Forecast Redelong representative point. BMKG ADM4 reference: 11.17.05.2002 (Bale Redelong). Initial BMKG reference for catchment point,10-07-2026,UKMO,Open-Meteo / UK Met Office,yes,0.95,1.0,0.95,5,5,200,548,,,,
gpm5,GPM5,2026-07-08,11.17.05.2002,Bale Redelong,catchment_point,yes,4.767312077178135,96.94566692384144,Asia/Jakarta,Forecast Redelong representative point. BMKG ADM4 reference: 11.17.05.2002 (Bale Redelong). Initial BMKG reference for catchment point,08-07-2026,BMKG,BMKG,yes,1.35,1.0,1.35,3,5,200,273,,,,
gpm5,GPM5,2026-07-08,11.17.05.2002,Bale Redelong,catchment_point,yes,4.767312077178135,96.94566692384144,Asia/Jakarta,Forecast Redelong representative point. BMKG ADM4 reference: 11.17.05.2002 (Bale Redelong). Initial BMKG reference for catchment point,08-07-2026,CMA,Open-Meteo / CMA GRAPES,yes,0.85,1.0,0.85,5,5,200,516,,,,
gpm5,GPM5,2026-07-08,11.17.05.2002,Bale Redelong,catchment_point,yes,4.767312077178135,96.94566692384144,Asia/Jakarta,Forecast Redelong representative point. BMKG ADM4 reference: 11.17.05.2002 (Bale Redelong). Initial BMKG reference for catchment point,08-07-2026,ECMWF,Open-Meteo / ECMWF,yes,1.2,1.0,1.2,5,5,200,519,,,,
gpm5,GPM5,2026-07-08,11.17.05.2002,Bale Redelong,catchment_point,yes,4.767312077178135,96.94566692384144,Asia/Jakarta,Forecast Redelong representative point. BMKG ADM4 reference: 11.17.05.2002 (Bale Redelong). Initial BMKG reference for catchment point,08-07-2026,GFS,Open-Meteo / NOAA GFS,yes,1.0,1.0,1.0,5,5,200,470,,,,
gpm5,GPM5,2026-07-08,11.17.05.2002,Bale Redelong,catchment_point,yes,4.767312077178135,96.94566692384144,Asia/Jakarta,Forecast Redelong representative point. BMKG ADM4 reference: 11.17.05.2002 (Bale Redelong). Initial BMKG reference for catchment point,08-07-2026,ICON,Open-Meteo / DWD ICON,yes,1.05,1.0,1.05,5,5,200,508,,,,
gpm5,GPM5,2026-07-08,11.17.05.2002,Bale Redelong,catchment_point,yes,4.767312077178135,96.94566692384144,Asia/Jakarta,Forecast Redelong representative point. BMKG ADM4 reference: 11.17.05.2002 (Bale Redelong). Initial BMKG reference for catchment point,08-07-2026,KMA,Open-Meteo / KMA,yes,0.9,1.0,0.9,5,5,200,477,,,,
gpm5,GPM5,2026-07-08,11.17.05.2002,Bale Redelong,catchment_point,yes,4.767312077178135,96.94566692384144,Asia/Jakarta,Forecast Redelong representative point. BMKG ADM4 reference: 11.17.05.2002 (Bale Redelong). Initial BMKG reference for catchment point,08-07-2026,METEOFRANCE,Open-Meteo / Meteo-France,yes,1.1,1.0,1.1,5,5,200,539,,,,
gpm5,GPM5,2026-07-08,11.17.05.2002,Bale Redelong,catchment_point,yes,4.767312077178135,96.94566692384144,Asia/Jakarta,Forecast Redelong representative point. BMKG ADM4 reference: 11.17.05.2002 (Bale Redelong). Initial BMKG reference for catchment point,08-07-2026,METNO,MET Norway,yes,1.0,1.0,1.0,2,5,200,528,,,,
gpm5,GPM5,2026-07-08,11.17.05.2002,Bale Redelong,catchment_point,yes,4.767312077178135,96.94566692384144,Asia/Jakarta,Forecast Redelong representative point. BMKG ADM4 reference: 11.17.05.2002 (Bale Redelong). Initial BMKG reference for catchment point,08-07-2026,UKMO,Open-Meteo / UK Met Office,yes,0.95,1.0,0.95,5,5,200,472,,,,
gpm5,GPM5,2026-07-09,11.17.05.2002,Bale Redelong,catchment_point,yes,4.767312077178135,96.94566692384144,Asia/Jakarta,Forecast Redelong representative point. BMKG ADM4 reference: 11.17.05.2002 (Bale Redelong). Initial BMKG reference for catchment point,09-07-2026,BMKG,BMKG,yes,1.35,0.979,1.3216,5,5,200,61,,,,
gpm5,GPM5,2026-07-09,11.17.05.2002,Bale Redelong,catchment_point,yes,4.767312077178135,96.94566692384144,Asia/Jakarta,Forecast Redelong representative point. BMKG ADM4 reference: 11.17.05.2002 (Bale Redelong). Initial BMKG reference for catchment point,09-07-2026,CMA,Open-Meteo / CMA GRAPES,yes,0.85,1.0,0.85,5,5,200,511,,,,
gpm5,GPM5,2026-07-09,11.17.05.2002,Bale Redelong,catchment_point,yes,4.767312077178135,96.94566692384144,Asia/Jakarta,Forecast Redelong representative point. BMKG ADM4 reference: 11.17.05.2002 (Bale Redelong). Initial BMKG reference for catchment point,09-07-2026,ECMWF,Open-Meteo / ECMWF,yes,1.2,1.0,1.2,5,5,200,506,,,,
gpm5,GPM5,2026-07-09,11.17.05.2002,Bale Redelong,catchment_point,yes,4.767312077178135,96.94566692384144,Asia/Jakarta,Forecast Redelong representative point. BMKG ADM4 reference: 11.17.05.2002 (Bale Redelong). Initial BMKG reference for catchment point,09-07-2026,GFS,Open-Meteo / NOAA GFS,yes,1.0,1.0,1.0,5,5,200,477,,,,
gpm5,GPM5,2026-07-09,11.17.05.2002,Bale Redelong,catchment_point,yes,4.767312077178135,96.94566692384144,Asia/Jakarta,Forecast Redelong representative point. BMKG ADM4 reference: 11.17.05.2002 (Bale Redelong). Initial BMKG reference for catchment point,09-07-2026,ICON,Open-Meteo / DWD ICON,yes,1.05,1.0,1.05,5,5,200,503,,,,
gpm5,GPM5,2026-07-09,11.17.05.2002,Bale Redelong,catchment_point,yes,4.767312077178135,96.94566692384144,Asia/Jakarta,Forecast Redelong representative point. BMKG ADM4 reference: 11.17.05.2002 (Bale Redelong). Initial BMKG reference for catchment point,09-07-2026,KMA,Open-Meteo / KMA,yes,0.9,1.0,0.9,5,5,200,497,,,,
gpm5,GPM5,2026-07-09,11.17.05.2002,Bale Redelong,catchment_point,yes,4.767312077178135,96.94566692384144,Asia/Jakarta,Forecast Redelong representative point. BMKG ADM4 reference: 11.17.05.2002 (Bale Redelong). Initial BMKG reference for catchment point,09-07-2026,METEOFRANCE,Open-Meteo / Meteo-France,yes,1.1,1.0,1.1,5,5,200,504,,,,
gpm5,GPM5,2026-07-09,11.17.05.2002,Bale Redelong,catchment_point,yes,4.767312077178135,96.94566692384144,Asia/Jakarta,Forecast Redelong representative point. BMKG ADM4 reference: 11.17.05.2002 (Bale Redelong). Initial BMKG reference for catchment point,09-07-2026,METNO,MET Norway,yes,1.0,0.9685,0.9685,5,5,200,500,,,,
gpm5,GPM5,2026-07-09,11.17.05.2002,Bale Redelong,catchment_point,yes,4.767312077178135,96.94566692384144,Asia/Jakarta,Forecast Redelong representative point. BMKG ADM4 reference: 11.17.05.2002 (Bale Redelong). Initial BMKG reference for catchment point,09-07-2026,UKMO,Open-Meteo / UK Met Office,yes,0.95,1.0,0.95,5,5,200,505,,,,
gpm5,GPM5,2026-07-10,11.17.05.2002,Bale Redelong,catchment_point,yes,4.767312077178135,96.94566692384144,Asia/Jakarta,Forecast Redelong representative point. BMKG ADM4 reference: 11.17.05.2002 (Bale Redelong). Initial BMKG reference for catchment point,10-07-2026,BMKG,BMKG,yes,1.35,0.9864,1.3316,5,5,200,62,,,,
gpm5,GPM5,2026-07-10,11.17.05.2002,Bale Redelong,catchment_point,yes,4.767312077178135,96.94566692384144,Asia/Jakarta,Forecast Redelong representative point. BMKG ADM4 reference: 11.17.05.2002 (Bale Redelong). Initial BMKG reference for catchment point,10-07-2026,CMA,Open-Meteo / CMA GRAPES,yes,0.85,1.0,0.85,5,5,200,499,,,,
gpm5,GPM5,2026-07-10,11.17.05.2002,Bale Redelong,catchment_point,yes,4.767312077178135,96.94566692384144,Asia/Jakarta,Forecast Redelong representative point. BMKG ADM4 reference: 11.17.05.2002 (Bale Redelong). Initial BMKG reference for catchment point,10-07-2026,ECMWF,Open-Meteo / ECMWF,yes,1.2,1.0,1.2,5,5,200,500,,,,
gpm5,GPM5,2026-07-10,11.17.05.2002,Bale Redelong,catchment_point,yes,4.767312077178135,96.94566692384144,Asia/Jakarta,Forecast Redelong representative point. BMKG ADM4 reference: 11.17.05.2002 (Bale Redelong). Initial BMKG reference for catchment point,10-07-2026,GFS,Open-Meteo / NOAA GFS,yes,1.0,1.0,1.0,5,5,200,529,,,,
gpm5,GPM5,2026-07-10,11.17.05.2002,Bale Redelong,catchment_point,yes,4.767312077178135,96.94566692384144,Asia/Jakarta,Forecast Redelong representative point. BMKG ADM4 reference: 11.17.05.2002 (Bale Redelong). Initial BMKG reference for catchment point,10-07-2026,ICON,Open-Meteo / DWD ICON,yes,1.05,1.0,1.05,5,5,200,492,,,,
gpm5,GPM5,2026-07-10,11.17.05.2002,Bale Redelong,catchment_point,yes,4.767312077178135,96.94566692384144,Asia/Jakarta,Forecast Redelong representative point. BMKG ADM4 reference: 11.17.05.2002 (Bale Redelong). Initial BMKG reference for catchment point,10-07-2026,KMA,Open-Meteo / KMA,yes,0.9,1.0,0.9,5,5,200,478,,,,
gpm5,GPM5,2026-07-10,11.17.05.2002,Bale Redelong,catchment_point,yes,4.767312077178135,96.94566692384144,Asia/Jakarta,Forecast Redelong representative point. BMKG ADM4 reference: 11.17.05.2002 (Bale Redelong). Initial BMKG reference for catchment point,10-07-2026,METEOFRANCE,Open-Meteo / Meteo-France,yes,1.1,1.0,1.1,5,5,200,480,,,,
gpm5,GPM5,2026-07-10,11.17.05.2002,Bale Redelong,catchment_point,yes,4.767312077178135,96.94566692384144,Asia/Jakarta,Forecast Redelong representative point. BMKG ADM4 reference: 11.17.05.2002 (Bale Redelong). Initial BMKG reference for catchment point,10-07-2026,METNO,MET Norway,yes,1.0,0.9795,0.9795,5,5,200,627,,,,
gpm5,GPM5,2026-07-10,11.17.05.2002,Bale Redelong,catchment_point,yes,4.767312077178135,96.94566692384144,Asia/Jakarta,Forecast Redelong representative point. BMKG ADM4 reference: 11.17.05.2002 (Bale Redelong). Initial BMKG reference for catchment point,10-07-2026,UKMO,Open-Meteo / UK Met Office,yes,0.95,1.0,0.95,5,5,200,473,,,,
gpm6,GPM6,2026-07-08,11.17.05.2002,Bale Redelong,catchment_point,yes,4.796061970712406,97.0098682419131,Asia/Jakarta,Forecast Redelong representative point. BMKG ADM4 reference: 11.17.05.2002 (Bale Redelong). Initial BMKG reference for catchment point,08-07-2026,BMKG,BMKG,yes,1.35,1.0,1.35,3,5,200,88,,,,
gpm6,GPM6,2026-07-08,11.17.05.2002,Bale Redelong,catchment_point,yes,4.796061970712406,97.0098682419131,Asia/Jakarta,Forecast Redelong representative point. BMKG ADM4 reference: 11.17.05.2002 (Bale Redelong). Initial BMKG reference for catchment point,08-07-2026,CMA,Open-Meteo / CMA GRAPES,yes,0.85,1.0,0.85,5,5,200,470,,,,
gpm6,GPM6,2026-07-08,11.17.05.2002,Bale Redelong,catchment_point,yes,4.796061970712406,97.0098682419131,Asia/Jakarta,Forecast Redelong representative point. BMKG ADM4 reference: 11.17.05.2002 (Bale Redelong). Initial BMKG reference for catchment point,08-07-2026,ECMWF,Open-Meteo / ECMWF,yes,1.2,1.0,1.2,5,5,200,477,,,,
gpm6,GPM6,2026-07-08,11.17.05.2002,Bale Redelong,catchment_point,yes,4.796061970712406,97.0098682419131,Asia/Jakarta,Forecast Redelong representative point. BMKG ADM4 reference: 11.17.05.2002 (Bale Redelong). Initial BMKG reference for catchment point,08-07-2026,GFS,Open-Meteo / NOAA GFS,yes,1.0,1.0,1.0,5,5,200,509,,,,
gpm6,GPM6,2026-07-08,11.17.05.2002,Bale Redelong,catchment_point,yes,4.796061970712406,97.0098682419131,Asia/Jakarta,Forecast Redelong representative point. BMKG ADM4 reference: 11.17.05.2002 (Bale Redelong). Initial BMKG reference for catchment point,08-07-2026,ICON,Open-Meteo / DWD ICON,yes,1.05,1.0,1.05,5,5,200,471,,,,
gpm6,GPM6,2026-07-08,11.17.05.2002,Bale Redelong,catchment_point,yes,4.796061970712406,97.0098682419131,Asia/Jakarta,Forecast Redelong representative point. BMKG ADM4 reference: 11.17.05.2002 (Bale Redelong). Initial BMKG reference for catchment point,08-07-2026,KMA,Open-Meteo / KMA,yes,0.9,1.0,0.9,5,5,200,552,,,,
gpm6,GPM6,2026-07-08,11.17.05.2002,Bale Redelong,catchment_point,yes,4.796061970712406,97.0098682419131,Asia/Jakarta,Forecast Redelong representative point. BMKG ADM4 reference: 11.17.05.2002 (Bale Redelong). Initial BMKG reference for catchment point,08-07-2026,METEOFRANCE,Open-Meteo / Meteo-France,yes,1.1,1.0,1.1,5,5,200,527,,,,
gpm6,GPM6,2026-07-08,11.17.05.2002,Bale Redelong,catchment_point,yes,4.796061970712406,97.0098682419131,Asia/Jakarta,Forecast Redelong representative point. BMKG ADM4 reference: 11.17.05.2002 (Bale Redelong). Initial BMKG reference for catchment point,08-07-2026,METNO,MET Norway,yes,1.0,1.0,1.0,2,5,200,526,,,,
gpm6,GPM6,2026-07-08,11.17.05.2002,Bale Redelong,catchment_point,yes,4.796061970712406,97.0098682419131,Asia/Jakarta,Forecast Redelong representative point. BMKG ADM4 reference: 11.17.05.2002 (Bale Redelong). Initial BMKG reference for catchment point,08-07-2026,UKMO,Open-Meteo / UK Met Office,yes,0.95,1.0,0.95,5,5,200,507,,,,
gpm6,GPM6,2026-07-09,11.17.05.2002,Bale Redelong,catchment_point,yes,4.796061970712406,97.0098682419131,Asia/Jakarta,Forecast Redelong representative point. BMKG ADM4 reference: 11.17.05.2002 (Bale Redelong). Initial BMKG reference for catchment point,09-07-2026,BMKG,BMKG,yes,1.35,0.979,1.3216,5,5,200,62,,,,
gpm6,GPM6,2026-07-09,11.17.05.2002,Bale Redelong,catchment_point,yes,4.796061970712406,97.0098682419131,Asia/Jakarta,Forecast Redelong representative point. BMKG ADM4 reference: 11.17.05.2002 (Bale Redelong). Initial BMKG reference for catchment point,09-07-2026,CMA,Open-Meteo / CMA GRAPES,yes,0.85,1.0,0.85,5,5,200,502,,,,
gpm6,GPM6,2026-07-09,11.17.05.2002,Bale Redelong,catchment_point,yes,4.796061970712406,97.0098682419131,Asia/Jakarta,Forecast Redelong representative point. BMKG ADM4 reference: 11.17.05.2002 (Bale Redelong). Initial BMKG reference for catchment point,09-07-2026,ECMWF,Open-Meteo / ECMWF,yes,1.2,1.0,1.2,5,5,200,517,,,,
gpm6,GPM6,2026-07-09,11.17.05.2002,Bale Redelong,catchment_point,yes,4.796061970712406,97.0098682419131,Asia/Jakarta,Forecast Redelong representative point. BMKG ADM4 reference: 11.17.05.2002 (Bale Redelong). Initial BMKG reference for catchment point,09-07-2026,GFS,Open-Meteo / NOAA GFS,yes,1.0,1.0,1.0,5,5,200,490,,,,
gpm6,GPM6,2026-07-09,11.17.05.2002,Bale Redelong,catchment_point,yes,4.796061970712406,97.0098682419131,Asia/Jakarta,Forecast Redelong representative point. BMKG ADM4 reference: 11.17.05.2002 (Bale Redelong). Initial BMKG reference for catchment point,09-07-2026,ICON,Open-Meteo / DWD ICON,yes,1.05,1.0,1.05,5,5,200,500,,,,
gpm6,GPM6,2026-07-09,11.17.05.2002,Bale Redelong,catchment_point,yes,4.796061970712406,97.0098682419131,Asia/Jakarta,Forecast Redelong representative point. BMKG ADM4 reference: 11.17.05.2002 (Bale Redelong). Initial BMKG reference for catchment point,09-07-2026,KMA,Open-Meteo / KMA,yes,0.9,1.0,0.9,5,5,200,470,,,,
gpm6,GPM6,2026-07-09,11.17.05.2002,Bale Redelong,catchment_point,yes,4.796061970712406,97.0098682419131,Asia/Jakarta,Forecast Redelong representative point. BMKG ADM4 reference: 11.17.05.2002 (Bale Redelong). Initial BMKG reference for catchment point,09-07-2026,METEOFRANCE,Open-Meteo / Meteo-France,yes,1.1,1.0,1.1,5,5,200,470,,,,
gpm6,GPM6,2026-07-09,11.17.05.2002,Bale Redelong,catchment_point,yes,4.796061970712406,97.0098682419131,Asia/Jakarta,Forecast Redelong representative point. BMKG ADM4 reference: 11.17.05.2002 (Bale Redelong). Initial BMKG reference for catchment point,09-07-2026,METNO,MET Norway,yes,1.0,0.9685,0.9685,5,5,200,382,,,,
gpm6,GPM6,2026-07-09,11.17.05.2002,Bale Redelong,catchment_point,yes,4.796061970712406,97.0098682419131,Asia/Jakarta,Forecast Redelong representative point. BMKG ADM4 reference: 11.17.05.2002 (Bale Redelong). Initial BMKG reference for catchment point,09-07-2026,UKMO,Open-Meteo / UK Met Office,yes,0.95,1.0,0.95,5,5,200,502,,,,
gpm6,GPM6,2026-07-10,11.17.05.2002,Bale Redelong,catchment_point,yes,4.796061970712406,97.0098682419131,Asia/Jakarta,Forecast Redelong representative point. BMKG ADM4 reference: 11.17.05.2002 (Bale Redelong). Initial BMKG reference for catchment point,10-07-2026,BMKG,BMKG,yes,1.35,0.9864,1.3316,5,5,200,60,,,,
gpm6,GPM6,2026-07-10,11.17.05.2002,Bale Redelong,catchment_point,yes,4.796061970712406,97.0098682419131,Asia/Jakarta,Forecast Redelong representative point. BMKG ADM4 reference: 11.17.05.2002 (Bale Redelong). Initial BMKG reference for catchment point,10-07-2026,CMA,Open-Meteo / CMA GRAPES,yes,0.85,1.0,0.85,5,5,200,553,,,,
gpm6,GPM6,2026-07-10,11.17.05.2002,Bale Redelong,catchment_point,yes,4.796061970712406,97.0098682419131,Asia/Jakarta,Forecast Redelong representative point. BMKG ADM4 reference: 11.17.05.2002 (Bale Redelong). Initial BMKG reference for catchment point,10-07-2026,ECMWF,Open-Meteo / ECMWF,yes,1.2,1.0,1.2,5,5,200,671,,,,
gpm6,GPM6,2026-07-10,11.17.05.2002,Bale Redelong,catchment_point,yes,4.796061970712406,97.0098682419131,Asia/Jakarta,Forecast Redelong representative point. BMKG ADM4 reference: 11.17.05.2002 (Bale Redelong). Initial BMKG reference for catchment point,10-07-2026,GFS,Open-Meteo / NOAA GFS,yes,1.0,1.0,1.0,5,5,200,681,,,,
gpm6,GPM6,2026-07-10,11.17.05.2002,Bale Redelong,catchment_point,yes,4.796061970712406,97.0098682419131,Asia/Jakarta,Forecast Redelong representative point. BMKG ADM4 reference: 11.17.05.2002 (Bale Redelong). Initial BMKG reference for catchment point,10-07-2026,ICON,Open-Meteo / DWD ICON,yes,1.05,1.0,1.05,5,5,200,532,,,,
gpm6,GPM6,2026-07-10,11.17.05.2002,Bale Redelong,catchment_point,yes,4.796061970712406,97.0098682419131,Asia/Jakarta,Forecast Redelong representative point. BMKG ADM4 reference: 11.17.05.2002 (Bale Redelong). Initial BMKG reference for catchment point,10-07-2026,KMA,Open-Meteo / KMA,yes,0.9,1.0,0.9,5,5,200,571,,,,
gpm6,GPM6,2026-07-10,11.17.05.2002,Bale Redelong,catchment_point,yes,4.796061970712406,97.0098682419131,Asia/Jakarta,Forecast Redelong representative point. BMKG ADM4 reference: 11.17.05.2002 (Bale Redelong). Initial BMKG reference for catchment point,10-07-2026,METEOFRANCE,Open-Meteo / Meteo-France,yes,1.1,1.0,1.1,5,5,200,547,,,,
gpm6,GPM6,2026-07-10,11.17.05.2002,Bale Redelong,catchment_point,yes,4.796061970712406,97.0098682419131,Asia/Jakarta,Forecast Redelong representative point. BMKG ADM4 reference: 11.17.05.2002 (Bale Redelong). Initial BMKG reference for catchment point,10-07-2026,METNO,MET Norway,yes,1.0,0.9795,0.9795,5,5,200,481,,,,
gpm6,GPM6,2026-07-10,11.17.05.2002,Bale Redelong,catchment_point,yes,4.796061970712406,97.0098682419131,Asia/Jakarta,Forecast Redelong representative point. BMKG ADM4 reference: 11.17.05.2002 (Bale Redelong). Initial BMKG reference for catchment point,10-07-2026,UKMO,Open-Meteo / UK Met Office,yes,0.95,1.0,0.95,5,5,200,559,,,,
gpm_grid_tamatue,GPM Grid TamaTue,2026-07-08,11.17.05.2002,Bale Redelong,catchment_point,yes,4.649902718619309,96.85017949357464,Asia/Jakarta,Forecast Redelong representative point. BMKG ADM4 reference: 11.17.05.2002 (Bale Redelong). Initial BMKG reference for catchment grid,08-07-2026,BMKG,BMKG,yes,1.35,1.0,1.35,3,5,200,58,,,,
gpm_grid_tamatue,GPM Grid TamaTue,2026-07-08,11.17.05.2002,Bale Redelong,catchment_point,yes,4.649902718619309,96.85017949357464,Asia/Jakarta,Forecast Redelong representative point. BMKG ADM4 reference: 11.17.05.2002 (Bale Redelong). Initial BMKG reference for catchment grid,08-07-2026,CMA,Open-Meteo / CMA GRAPES,yes,0.85,1.0,0.85,5,5,200,589,,,,
gpm_grid_tamatue,GPM Grid TamaTue,2026-07-08,11.17.05.2002,Bale Redelong,catchment_point,yes,4.649902718619309,96.85017949357464,Asia/Jakarta,Forecast Redelong representative point. BMKG ADM4 reference: 11.17.05.2002 (Bale Redelong). Initial BMKG reference for catchment grid,08-07-2026,ECMWF,Open-Meteo / ECMWF,yes,1.2,1.0,1.2,5,5,200,548,,,,
gpm_grid_tamatue,GPM Grid TamaTue,2026-07-08,11.17.05.2002,Bale Redelong,catchment_point,yes,4.649902718619309,96.85017949357464,Asia/Jakarta,Forecast Redelong representative point. BMKG ADM4 reference: 11.17.05.2002 (Bale Redelong). Initial BMKG reference for catchment grid,08-07-2026,GFS,Open-Meteo / NOAA GFS,yes,1.0,1.0,1.0,5,5,200,508,,,,
gpm_grid_tamatue,GPM Grid TamaTue,2026-07-08,11.17.05.2002,Bale Redelong,catchment_point,yes,4.649902718619309,96.85017949357464,Asia/Jakarta,Forecast Redelong representative point. BMKG ADM4 reference: 11.17.05.2002 (Bale Redelong). Initial BMKG reference for catchment grid,08-07-2026,ICON,Open-Meteo / DWD ICON,yes,1.05,1.0,1.05,5,5,200,533,,,,
gpm_grid_tamatue,GPM Grid TamaTue,2026-07-08,11.17.05.2002,Bale Redelong,catchment_point,yes,4.649902718619309,96.85017949357464,Asia/Jakarta,Forecast Redelong representative point. BMKG ADM4 reference: 11.17.05.2002 (Bale Redelong). Initial BMKG reference for catchment grid,08-07-2026,KMA,Open-Meteo / KMA,yes,0.9,1.0,0.9,5,5,200,516,,,,
gpm_grid_tamatue,GPM Grid TamaTue,2026-07-08,11.17.05.2002,Bale Redelong,catchment_point,yes,4.649902718619309,96.85017949357464,Asia/Jakarta,Forecast Redelong representative point. BMKG ADM4 reference: 11.17.05.2002 (Bale Redelong). Initial BMKG reference for catchment grid,08-07-2026,METEOFRANCE,Open-Meteo / Meteo-France,yes,1.1,1.0,1.1,5,5,200,525,,,,
gpm_grid_tamatue,GPM Grid TamaTue,2026-07-08,11.17.05.2002,Bale Redelong,catchment_point,yes,4.649902718619309,96.85017949357464,Asia/Jakarta,Forecast Redelong representative point. BMKG ADM4 reference: 11.17.05.2002 (Bale Redelong). Initial BMKG reference for catchment grid,08-07-2026,METNO,MET Norway,yes,1.0,1.0,1.0,2,5,200,536,,,,
gpm_grid_tamatue,GPM Grid TamaTue,2026-07-08,11.17.05.2002,Bale Redelong,catchment_point,yes,4.649902718619309,96.85017949357464,Asia/Jakarta,Forecast Redelong representative point. BMKG ADM4 reference: 11.17.05.2002 (Bale Redelong). Initial BMKG reference for catchment grid,08-07-2026,UKMO,Open-Meteo / UK Met Office,yes,0.95,1.0,0.95,5,5,200,608,,,,
gpm_grid_tamatue,GPM Grid TamaTue,2026-07-09,11.17.05.2002,Bale Redelong,catchment_point,yes,4.649902718619309,96.85017949357464,Asia/Jakarta,Forecast Redelong representative point. BMKG ADM4 reference: 11.17.05.2002 (Bale Redelong). Initial BMKG reference for catchment grid,09-07-2026,BMKG,BMKG,yes,1.35,0.979,1.3216,5,5,200,59,,,,
gpm_grid_tamatue,GPM Grid TamaTue,2026-07-09,11.17.05.2002,Bale Redelong,catchment_point,yes,4.649902718619309,96.85017949357464,Asia/Jakarta,Forecast Redelong representative point. BMKG ADM4 reference: 11.17.05.2002 (Bale Redelong). Initial BMKG reference for catchment grid,09-07-2026,CMA,Open-Meteo / CMA GRAPES,yes,0.85,1.0,0.85,5,5,200,524,,,,
gpm_grid_tamatue,GPM Grid TamaTue,2026-07-09,11.17.05.2002,Bale Redelong,catchment_point,yes,4.649902718619309,96.85017949357464,Asia/Jakarta,Forecast Redelong representative point. BMKG ADM4 reference: 11.17.05.2002 (Bale Redelong). Initial BMKG reference for catchment grid,09-07-2026,ECMWF,Open-Meteo / ECMWF,yes,1.2,1.0,1.2,5,5,200,521,,,,
gpm_grid_tamatue,GPM Grid TamaTue,2026-07-09,11.17.05.2002,Bale Redelong,catchment_point,yes,4.649902718619309,96.85017949357464,Asia/Jakarta,Forecast Redelong representative point. BMKG ADM4 reference: 11.17.05.2002 (Bale Redelong). Initial BMKG reference for catchment grid,09-07-2026,GFS,Open-Meteo / NOAA GFS,yes,1.0,1.0,1.0,5,5,200,508,,,,
gpm_grid_tamatue,GPM Grid TamaTue,2026-07-09,11.17.05.2002,Bale Redelong,catchment_point,yes,4.649902718619309,96.85017949357464,Asia/Jakarta,Forecast Redelong representative point. BMKG ADM4 reference: 11.17.05.2002 (Bale Redelong). Initial BMKG reference for catchment grid,09-07-2026,ICON,Open-Meteo / DWD ICON,yes,1.05,1.0,1.05,5,5,200,492,,,,
gpm_grid_tamatue,GPM Grid TamaTue,2026-07-09,11.17.05.2002,Bale Redelong,catchment_point,yes,4.649902718619309,96.85017949357464,Asia/Jakarta,Forecast Redelong representative point. BMKG ADM4 reference: 11.17.05.2002 (Bale Redelong). Initial BMKG reference for catchment grid,09-07-2026,KMA,Open-Meteo / KMA,yes,0.9,1.0,0.9,5,5,200,491,,,,
gpm_grid_tamatue,GPM Grid TamaTue,2026-07-09,11.17.05.2002,Bale Redelong,catchment_point,yes,4.649902718619309,96.85017949357464,Asia/Jakarta,Forecast Redelong representative point. BMKG ADM4 reference: 11.17.05.2002 (Bale Redelong). Initial BMKG reference for catchment grid,09-07-2026,METEOFRANCE,Open-Meteo / Meteo-France,yes,1.1,1.0,1.1,5,5,200,486,,,,
gpm_grid_tamatue,GPM Grid TamaTue,2026-07-09,11.17.05.2002,Bale Redelong,catchment_point,yes,4.649902718619309,96.85017949357464,Asia/Jakarta,Forecast Redelong representative point. BMKG ADM4 reference: 11.17.05.2002 (Bale Redelong). Initial BMKG reference for catchment grid,09-07-2026,METNO,MET Norway,yes,1.0,0.9685,0.9685,5,5,200,477,,,,
gpm_grid_tamatue,GPM Grid TamaTue,2026-07-09,11.17.05.2002,Bale Redelong,catchment_point,yes,4.649902718619309,96.85017949357464,Asia/Jakarta,Forecast Redelong representative point. BMKG ADM4 reference: 11.17.05.2002 (Bale Redelong). Initial BMKG reference for catchment grid,09-07-2026,UKMO,Open-Meteo / UK Met Office,yes,0.95,1.0,0.95,5,5,200,538,,,,
gpm_grid_tamatue,GPM Grid TamaTue,2026-07-10,11.17.05.2002,Bale Redelong,catchment_point,yes,4.649902718619309,96.85017949357464,Asia/Jakarta,Forecast Redelong representative point. BMKG ADM4 reference: 11.17.05.2002 (Bale Redelong). Initial BMKG reference for catchment grid,10-07-2026,BMKG,BMKG,yes,1.35,0.9864,1.3316,5,5,200,61,,,,
gpm_grid_tamatue,GPM Grid TamaTue,2026-07-10,11.17.05.2002,Bale Redelong,catchment_point,yes,4.649902718619309,96.85017949357464,Asia/Jakarta,Forecast Redelong representative point. BMKG ADM4 reference: 11.17.05.2002 (Bale Redelong). Initial BMKG reference for catchment grid,10-07-2026,CMA,Open-Meteo / CMA GRAPES,yes,0.85,1.0,0.85,5,5,200,510,,,,
gpm_grid_tamatue,GPM Grid TamaTue,2026-07-10,11.17.05.2002,Bale Redelong,catchment_point,yes,4.649902718619309,96.85017949357464,Asia/Jakarta,Forecast Redelong representative point. BMKG ADM4 reference: 11.17.05.2002 (Bale Redelong). Initial BMKG reference for catchment grid,10-07-2026,ECMWF,Open-Meteo / ECMWF,yes,1.2,1.0,1.2,5,5,200,487,,,,
gpm_grid_tamatue,GPM Grid TamaTue,2026-07-10,11.17.05.2002,Bale Redelong,catchment_point,yes,4.649902718619309,96.85017949357464,Asia/Jakarta,Forecast Redelong representative point. BMKG ADM4 reference: 11.17.05.2002 (Bale Redelong). Initial BMKG reference for catchment grid,10-07-2026,GFS,Open-Meteo / NOAA GFS,yes,1.0,1.0,1.0,5,5,200,493,,,,
gpm_grid_tamatue,GPM Grid TamaTue,2026-07-10,11.17.05.2002,Bale Redelong,catchment_point,yes,4.649902718619309,96.85017949357464,Asia/Jakarta,Forecast Redelong representative point. BMKG ADM4 reference: 11.17.05.2002 (Bale Redelong). Initial BMKG reference for catchment grid,10-07-2026,ICON,Open-Meteo / DWD ICON,yes,1.05,1.0,1.05,5,5,200,526,,,,
gpm_grid_tamatue,GPM Grid TamaTue,2026-07-10,11.17.05.2002,Bale Redelong,catchment_point,yes,4.649902718619309,96.85017949357464,Asia/Jakarta,Forecast Redelong representative point. BMKG ADM4 reference: 11.17.05.2002 (Bale Redelong). Initial BMKG reference for catchment grid,10-07-2026,KMA,Open-Meteo / KMA,yes,0.9,1.0,0.9,5,5,200,566,,,,
gpm_grid_tamatue,GPM Grid TamaTue,2026-07-10,11.17.05.2002,Bale Redelong,catchment_point,yes,4.649902718619309,96.85017949357464,Asia/Jakarta,Forecast Redelong representative point. BMKG ADM4 reference: 11.17.05.2002 (Bale Redelong). Initial BMKG reference for catchment grid,10-07-2026,METEOFRANCE,Open-Meteo / Meteo-France,yes,1.1,1.0,1.1,5,5,200,537,,,,
gpm_grid_tamatue,GPM Grid TamaTue,2026-07-10,11.17.05.2002,Bale Redelong,catchment_point,yes,4.649902718619309,96.85017949357464,Asia/Jakarta,Forecast Redelong representative point. BMKG ADM4 reference: 11.17.05.2002 (Bale Redelong). Initial BMKG reference for catchment grid,10-07-2026,METNO,MET Norway,yes,1.0,0.9795,0.9795,5,5,200,371,,,,
gpm_grid_tamatue,GPM Grid TamaTue,2026-07-10,11.17.05.2002,Bale Redelong,catchment_point,yes,4.649902718619309,96.85017949357464,Asia/Jakarta,Forecast Redelong representative point. BMKG ADM4 reference: 11.17.05.2002 (Bale Redelong). Initial BMKG reference for catchment grid,10-07-2026,UKMO,Open-Meteo / UK Met Office,yes,0.95,1.0,0.95,5,5,200,502,,,,
